"Ref","Ref Eleitor","Data Cadastro","Data Atualização","Data Solicitação","Descrição","Status","Categoria","Origem","Escritório","Secretaria"
"41076","208484","2025-02-18 10:50:56","2025-05-05 09:49:44","2025-02-17","  A moradora está solicitando- Faixa na rua 
_Quebra mola
Rua Pastor Luterking N°240
Bairro São Cristovão","aguardando execuçao","Outros","WhatsApp","Principal","Secretaria de Obras"
"40040","206435","2025-01-31 08:33:06","2025-07-25 08:26:03","2025-01-17","Ressonância braço e consulta com ortopedista.","Concluído","Atendimento médico em ubs clinico geral","WhatsApp","Principal","Secretaria de Saúde"
"40167","206651","2025-02-03 11:04:17","2025-02-11 15:08:25","2025-01-20","-Capina e limpeza na pracinha.
-Podas de árvores da cidade.
-Limpeza das vias.(mato alto)
","Concluído","Limpeza","WhatsApp","Principal","Secretaria do Meio Ambiente"
"40170","206654","2025-02-03 11:14:36","2025-04-24 09:49:28","2025-01-20","Poda de àrvore próximo ao escadão.
Bairro São Cristovão","aguardando execuçao","Poda de Árvore","WhatsApp","Principal","Secretaria do Meio Ambiente"
"40173","206659","2025-02-03 11:28:49","2025-04-04 10:52:32","2025-01-02","Caminhão de terra para aterrar","Concluído","Solicitação de caminhão de terra","WhatsApp","Principal","Secretaria de Serviços Urbanos"
"40179","206662","2025-02-03 12:01:45","2025-04-04 10:34:16","2025-01-20","-Passar máquina dentro do lote no sítio dele.","aguardando execuçao","Outros","WhatsApp","Principal","Secretaria de Serviços Urbanos"
"40181","206665","2025-02-03 12:12:57","2025-04-04 10:29:54","2025-01-31","-Rede de esgoto entupida,estão interligando novas redes nela.
Loteamento Recreio (estrada do Rodolfo)
_Solicitou o calçamento ou asfaltamento estrada de difícil acesso.","aguardando execuçao","Outros","WhatsApp","Principal","Secretaria de Serviços Urbanos"
"40185","206671","2025-02-03 12:21:10","2025-02-06 07:59:23","2025-02-02","-Pedir pra lavar a rua,muita poeira e entulho.
-Rua- 7 de setembro bairro Gaspar (final da rua)","Concluído","Outros","WhatsApp","Principal","Secretaria de Serviços Urbanos"
"40187","206674","2025-02-03 12:31:49","2025-04-04 10:28:12","2025-01-31","-Colocar uma placa de proibido jogar lixo.
R. Padre Arnaldo n150
Bairro São Francisco","aguardando execuçao","Placas, Lombadas e Sinais","WhatsApp","Principal","Secretaria de Serviços Urbanos"
"40188","206678","2025-02-03 12:40:41","2025-02-03 12:40:41","2025-01-15","Rede de esgoto - Rua Gaspar Zém
Drenagem - Rua Dom Pedro Primeiro, 303","Concluído","Saneamento, Água e Esgoto","WhatsApp","Principal","Secretaria de Serviços Urbanos"
"40189","206678","2025-02-03 12:50:03","2025-04-04 10:25:35","2025-01-14","Rede de esgoto - Júlio César Pereira, 731 (Fazendinha) - Precisando de Asfalto","Concluído","Asfalto","WhatsApp","Principal","Secretaria de Obras"
"40200","206651","2025-02-03 13:15:09","2025-02-05 16:09:00","2025-01-24","Visita ETE
","Concluído","Saneamento, Água e Esgoto","WhatsApp","Principal","Secretaria de Serviços Urbanos"
"40203","206693","2025-02-03 13:26:20","2025-02-05 16:27:53","2025-01-20","Caminhão Pipa - Rua 7 de Setembro","Concluído","Limpeza","WhatsApp","Principal","Secretaria de Serviços Urbanos"
"40204","206700","2025-02-03 13:32:38","2025-04-04 10:19:14","2025-01-15","Cata Treco na 2 ruas

Bairro União","Concluído","Limpeza","WhatsApp","Principal","Secretaria de Serviços Urbanos"
"40205","206704","2025-02-03 13:42:30","2025-04-04 10:59:08","2025-01-02","Cata Treco
Rua Vinícius de Moraes, 16 - Colety","Concluído","Limpeza","WhatsApp","Principal","Secretaria de Serviços Urbanos"
"40206","206706","2025-02-03 13:44:55","2025-04-04 11:08:39","2025-01-02","Capina

Vila Santa Rita","Concluído","Limpeza","WhatsApp","Principal","Secretaria de Serviços Urbanos"
"40207","206708","2025-02-03 13:47:42","2025-04-04 11:03:52","2025-01-02","Capina Rua São João Batista, Gaspar
Surgindo Cobras no local","Concluído","Limpeza","WhatsApp","Principal","Secretaria de Serviços Urbanos"
"40208","206709","2025-02-03 13:57:42","2025-02-12 14:53:54","2025-01-27","Bateu um carro no poste onde o mesmo precisa ser trocado
Rua Presidente Kennedy","Concluído","Iluminação","WhatsApp","Principal","Secretaria de Obras"
"40209","206710","2025-02-03 14:07:51","2025-04-24 09:47:45","2025-01-14","- ABITS - Certidão INSS
Imóvel desde 2003
- Asfalto na Rua Jório Cavalcante, divisa da Rua Manoel Bandeira
Disfarçar a rua com asfalto na subida","em analise","Asfalto","WhatsApp","Principal","Secretaria de Obras"
"40210","206711","2025-02-03 14:10:17","2025-04-04 11:06:05","2025-01-19","Buracos na Rua São José nº 33
Asfalto","Concluído","Asfalto","WhatsApp","Principal","Secretaria de Obras"
"40212","206713","2025-02-03 14:27:13","2025-02-03 14:27:13","2025-01-27","Solicitando Cesta Básica
Paciente está com problemas de saúde, esperando INSS
Visita Solicitada

Rua Eduardo Braga Filho, nº 90","Concluído","Outros","WhatsApp","Principal","Secretaria de Saúde"
"40213","206714","2025-02-03 14:33:26","2025-02-03 14:33:26","2025-01-29","Solicitação cesta básica, Ana Paula coordenadora CRAS Santa Terezinha, ficou de realizar a visita.","Concluído","Outros","WhatsApp","Principal","Secretaria de Saúde"
"40214","206716","2025-02-03 15:02:12","2025-04-24 09:46:06","2025-01-27","- Escorpiões no campo de terra, a onde colocou o parquinho
- Capina no bairro (Demsur) Eder
- Concretagem em volta do parquinho ( Maurício Soares)
- Olhar as ruas com falta de meio fio, causando enxurrada","aguardando execuçao","Outros","WhatsApp","Principal","Secretaria de Obras"
"40216","206717","2025-02-03 15:06:52","2025-04-04 11:29:52","2025-01-28","_Fazer uma indicação ao demutran a possibilidade da area azul rotativo,Descontar o crédito que a pessoa tiver no rotativo facilitando assim o pagamento da tarifa.","aguardando execuçao","Outros","WhatsApp","Principal","Secretaria de Trânsito"
"40217","206719","2025-02-03 15:26:50","2025-02-03 15:42:47","2025-02-03","Consulta com Drº Ênio 
Mão está doendo muito

- Rua São João Batista, Gaspar","Concluído","Atendimento médico em ubs clinico geral","WhatsApp","Principal","Secretaria de Saúde"
"40218","206722","2025-02-03 15:33:48","2025-04-04 11:33:00","2025-01-30","A criança foi para junta reguladora, esperando à respeito da APAE

- Gaspar","Concluído","Outros","WhatsApp","Principal","Secretaria de Saúde"
"40219","206733","2025-02-03 15:59:47","2025-02-03 15:59:47","2025-01-27","Exame pedido lapstomia em yag laser ambos olhos
Protocolado em Janeiro TFD, Sandra
Início de fevereiro irá marcar","em analise","Auxilio Doença","WhatsApp","Principal","Secretaria de Saúde"
"40220","206739","2025-02-03 16:05:26","2025-04-04 10:13:59","2025-01-31","Neuropediatra
Karen Peterson da Conceição Costa 15/01/2010
Kayan Peterson da Conceição Costa 08/03/2018

","aguardando execuçao","Atendimento médico em ubs clinico geral","WhatsApp","Principal","Secretaria de Saúde"
"40221","206742","2025-02-03 16:15:36","2025-04-04 11:31:43","2025-02-01","Doutora Lívia Reumato (urgente) paciente amputada necessita mostrar exames","Concluído","Atendimento médico em ubs clinico geral","WhatsApp","Principal","Secretaria de Saúde"
"40222","206747","2025-02-03 16:28:10","2025-02-03 16:28:10","2025-01-17","José Rubens Pereira Tibúrcio
(Leite do filho) pericia ok pericia social ok
Perícia 20/01/25
Nutricionista","Concluído","Atendimento médico em ubs clinico geral","WhatsApp","Principal","Secretaria de Saúde"
"40230","206767","2025-02-04 08:05:58","2025-02-04 08:05:58","2025-01-17","-Precisando de cirurgião (pequena cirurgia) correção orelha.Está no sistema viver. 
-Obs: aguardando agendamento.
Rua Projetada H  Bairro Gaspar.","aguardando execuçao","Outros","WhatsApp","Principal","Secretaria de Saúde"
"40231","206768","2025-02-04 08:11:51","2025-02-04 16:01:22","2024-12-30","-Verruga (à mesma está na fila de espera cirurgião de pequenas cirurgia)
-Rua Roseli Fitelman
Bairro Gaspar","aguardando execuçao","Outros","WhatsApp","Principal","Secretaria de Saúde"
"40242","206771","2025-02-04 08:21:11","2025-04-04 11:40:58","2024-12-29","-Endoscopia, está na fila do viver. (foi adiantada)
-Rua 7 de Setembro
-Bairro Gaspar","Concluído","Outros","WhatsApp","Principal","Secretaria de Saúde"
"40248","206774","2025-02-04 08:33:51","2025-04-04 11:37:34","2025-01-19","-Consulta com ortopedista
-Marco Antônio de Souza
-DN:17/07/1965
-Rua Júlio César Pereira
-Bairro Gaspar","Concluído","Atendimento médico em ubs clinico geral","WhatsApp","Principal","Secretaria de Saúde"
"40255","206779","2025-02-04 08:45:26","2025-02-04 08:45:26","2025-01-17","-Vasectomia (está na fila de espera)
-José Milton de Souza
-DN:19/05/1987
-Bairro Gaspar","aguardando execuçao","Outros","WhatsApp","Principal","Secretaria de Saúde"
"40286","206822","2025-02-04 10:45:13","2025-02-04 10:45:13","2025-01-15","-Lorenzo necessita suporte ventilátorio (VM-CPAP),portador de erro inato do metabolismo(deficiência múltipla de acil-COA disiabrogenase.
-Rua Presidente Kennedy
-Bairro Gaspar","Concluído","Outros","WhatsApp","Principal","Secretaria de Saúde"
"40288","206827","2025-02-04 10:58:26","2025-04-04 10:12:48","2025-01-12","-Calcitecfomia -exame
-À mesma precisa passar por cirurgia p/ dar segmento ao pedido.
-Obs:Não está na fila pra cirurgia ainda.
-Pedido (Tati laboratório)
","Concluído","Atendimento médico em ubs clinico geral","WhatsApp","Principal","Secretaria de Saúde"
"40290","206838","2025-02-04 11:16:42","2025-04-04 10:09:55","2025-01-05","_Pedir pra passar o carro da fumaça na Vila Santa Rita.
-OBS: 6 pessoas já pegaram dengue.
-Bairro União (vila santa Rita)
Acionar a vigilância ","Concluído","Outros","WhatsApp","Principal","Secretaria de Saúde"
"40322","206654","2025-02-04 14:53:48","2025-02-12 14:39:47","2025-01-22","Obras no escadão
Rua São Cristovão e Rua Italiana
Já foi realizado indicação Nº 31","aguardando execuçao","Outros","WhatsApp","Principal","Secretaria de Obras"
"40331","206897","2025-02-04 15:54:27","2025-04-04 11:46:26","2025-02-04","Pedir para adiantar a ressonância
Dor intensa e perda de mobilidade","Concluído","Atendimento médico em ubs clinico geral","WhatsApp","Principal","Secretaria de Saúde"
"40333","206898","2025-02-04 15:59:48","2025-04-04 11:47:25","2025-01-02","Fonodiologa - Theo Euzébio Tavares (10/05/2000)","Concluído","Atendimento médico em ubs clinico geral","Pessoal","Principal","Secretaria de Saúde"
"40375","206943","2025-02-05 11:23:45","2025-02-24 10:32:33","2025-02-04","_Uma solução sobre as placas da entrada do bairro.
-È mão ou contra mão ou mão dupla.
-Bairro Gaspar.
Foi realizado indicação nº 92","aguardando execuçao","Placas, Lombadas e Sinais","WhatsApp","Principal","Secretaria de Trânsito"
"40386","206952","2025-02-05 13:21:05","2025-02-07 15:32:28","2025-02-05","Verificar sobre o afastamento do motorista da Ambulância (Luciano) Tendo em vista que os moradores gostaram muito dele na Ubs","Concluído","Transportes solicitacao de viagens ","WhatsApp","Principal","Secretaria de Saúde"
"40392","206952","2025-02-05 13:35:05","2025-07-22 10:40:16","2025-02-05","Limpeza na Quadra do Distrito de Itamuri, muita sujeira e lixo","Concluído","Limpeza","WhatsApp","Principal","Secretaria de Serviços Urbanos"
"40394","206961","2025-02-05 14:06:12","2025-02-10 13:33:24","2025-02-05","RNn coluna lombosacro e RNn coluna torácica 
com urgência
Já consultou no Dornelas e pedido já foi levado para secretária de saúde
 - Bairro União
10/02/25 - Terá que aguardar a marcação do exame","aguardando execuçao","Atendimento médico em ubs clinico geral","WhatsApp","Principal","Secretaria de Saúde"
"40442","206994","2025-02-06 08:31:30","2025-02-19 10:55:13","2025-02-05","_Estrada de difícil acesso,obra parada.
-Belisário.","aguardando execuçao","Outros","WhatsApp","Principal","Secretaria de Obras"
"40512","207025","2025-02-06 16:11:25","2025-04-02 15:49:54","2025-02-06","Corte dos bambus na Rua 1º de maio na descida do escadão da obra do muro
Já foi solicitado ao engenheiro para pedir a Energisa para realizar o corte
Bairro Gaspar","Concluído","Poda de Árvore","WhatsApp","Principal","Secretaria do Meio Ambiente"
"40514","207040","2025-02-06 16:17:03","2025-02-06 16:17:03","2025-02-06","Auxilio Funerário
Realizou a ligação para solicitação dos Assistentes sociais e realizaram a organização do enterro
","Concluído","Outros","Pessoal","Principal",NULL
"40543","207053","2025-02-07 09:40:12","2025-04-04 12:08:05","2025-02-06","-Reindivicação nos horários de ônibus (circular)
-Bairro Alto do Castelo.","aguardando execuçao","Transportes solicitacao de viagens ","WhatsApp","Principal","Secretaria de Transporte"
"40568","207115","2025-02-07 13:46:18","2025-02-07 13:46:18","2025-02-07","Paciente necessitando de consulta machucado no seio

Marcado para segunda 10/02 13h

Bairro: Gaspar","Concluído","Atendimento médico em ubs clinico geral","Pessoal","Principal","Secretaria de Saúde"
"40575","207151","2025-02-07 16:05:08","2025-03-11 14:34:22","2025-02-07","-Tampar os buracos na Rua Alberto José Ferreira
-Arrumar o quebra molas na Rua Silas Macedo em frente a Creche Alfredo Couto
-Bairro São Vicente de Paula
Os buracos já foram tampados na Rua Alberto José Ferreira","aguardando execuçao","Outros","WhatsApp","Principal","Secretaria de Obras"
"40589","207165","2025-02-10 09:14:28","2025-04-02 15:45:59","2025-02-09","-Limpar o escadão que liga a rua Presidente Kenedy com a rua Paulo de Oliveira Góes.","Concluído","Limpeza","WhatsApp","Principal","Secretaria de Obras"
"40592","207166","2025-02-10 09:20:07","2025-04-04 10:02:28","2025-02-10","-Tampar buraco em frente à casa do sr Adilson Dalla Paula.","Concluído","Asfalto","WhatsApp","Principal","Secretaria de Obras"
"40606","207205","2025-02-10 12:41:39","2025-02-10 12:41:39","2025-02-06","-Exame Transvaginal
-Bairro Gaspar","Concluído","Outros","WhatsApp","Principal","Secretaria de Saúde"
"40612","207219","2025-02-10 15:19:09","2025-02-10 15:19:09","2025-02-10","Necessitando de consulta com o Ortopedista. Sofreu acidente há aproximadamente á 3 anos, comm sequela de fratura do anel pelvico, com calsificação sobre o nervo ciático esquerdo, impacto fremoroacetabular misto á esquerda.
Foi solicitado a UBS do Gaspar a marcação da consulta.","aguardando execuçao","Atendimento médico em ubs clinico geral","WhatsApp","Principal","Secretaria de Saúde"
"40627","207248","2025-02-11 08:17:16","2025-02-18 11:35:53","2025-02-11","-Solicitou capina na praça do bairro.
-Bairro Santa Luzia","Concluído","Limpeza","WhatsApp","Principal","Secretaria de Serviços Urbanos"
"40631","207252","2025-02-11 08:21:09","2025-02-18 11:33:14","2025-02-11","-Precisa de uma cesta básica.
-Rua Eduardo Braga nº53
-Bairro Gaspar
-Soicitação enviada para o CRAS Aeroporto","Concluído","Outros","WhatsApp","Principal",NULL
"40668","207289","2025-02-11 10:20:16","2025-04-04 09:55:04","2025-02-11","-Consulta com ortopedista Dr Paulo Sérgio, atende no Bairro Santa Terezinha.
DN:28/07/1977","Concluído","Outros","WhatsApp","Principal","Secretaria de Saúde"
"40703","207870","2025-02-12 08:36:33","2025-02-18 11:31:51","2025-02-12","-Iluminação na entrada do bairro Gaspar em frente a oficina Papa Léguas.
-Bairro Gaspar.
- Solicitação cadastrada","Concluído","Iluminação","WhatsApp","Principal","Secretaria de Serviços Urbanos"
"40819","208177","2025-02-13 13:50:39","2025-02-13 13:58:16","2025-02-13","Precisa de consulta médica com a Neurologista Dra. Renata Reis Ligeiro. Portador de PCD
Já foi enviado para Josi Secretaria
Consulta marcada para dia 24/03/25 - Retirar guia na ubs do bairro","Concluído","Atendimento médico em ubs clinico geral","WhatsApp","Principal","Secretaria de Saúde"
"40826","208197","2025-02-13 14:22:10","2025-04-04 12:05:02","2025-02-13","Consulta com fonodiologo para verificar o aparelho de audição
Consulta com Angiologista - Ultrassom com doppler - veias

Consulta com fonodiologo realizada no CEAE e foi encaminhada para Juiz de Fora","Concluído","Atendimento médico em ubs clinico geral","WhatsApp","Principal","Secretaria de Saúde"
"40908","208268","2025-02-14 11:36:12","2025-04-04 09:47:49","2025-02-01","-Capina,limpeza e roçadas no campo.","Concluído","Limpeza","WhatsApp","Principal","Secretaria de Obras"
"41077","208485","2025-02-18 10:54:35","2025-05-05 09:46:56","2025-02-14","_Podas de árvores em frente a casa,pegando nos fios de luz.","aguardando execuçao","Poda de Árvore","WhatsApp","Principal","Secretaria do Meio Ambiente"
"41080","208490","2025-02-18 11:29:18","2025-02-18 11:29:18","2025-02-18","-Paciente Jaime Minarini está no sistema esperando desde Setembro 2024
-Teste Ergométrico.

-Bairro Gaspar","aguardando execuçao","Auxilio Doença","WhatsApp","Principal","Secretaria de Saúde"
"41082","208493","2025-02-18 11:49:59","2025-04-04 09:41:50","2025-02-17","_Paciente precisa de Cilindro de Oxigênio, quer saber se o SUS fornece","Concluído","Auxilio Doença","WhatsApp","Principal","Secretaria de Saúde"
"41166","208638","2025-02-20 08:31:20","2025-04-04 09:18:43","2025-02-20","_Limpar pracinha parte alta, com muito mato.
-Cardoso de Mello.","Concluído","Limpeza","WhatsApp","Principal","Secretaria de Obras"
"41167","208639","2025-02-20 08:36:54","2025-04-04 09:14:12","2025-02-19","-Solicitar um tambor de lixo.
_Bairro União","Concluído","Outros","WhatsApp","Principal","Secretaria de Obras"
"41176","208644","2025-02-20 09:37:29","2025-02-20 11:39:31","2025-02-20","_Fonodiologa está esperando a muito tempo.
-Enzo Gabriel Afonso Santos de Oliveira
-Rua Rosely Fitelman Zem N°50 Bairro Gaspar
_DN= 01/05/2017","aguardando execuçao","Outros","WhatsApp","Principal","Secretaria de Saúde"
"41181","208647","2025-02-20 09:52:57","2025-02-20 09:52:57","2025-02-19","-Cobrir a quadra do bairro São Cristovão,(construção de vestiário e banheiro)
-Tornar rua independência contra mão.
-Abertura da travessa Portugal com a rua Luterking.
_Pedir ao Adir estátuto da liga das escolas de samba p/abrir uma no bairro.
-Construção escada no beco entre as ruas São Cristovão,Luterking,rua Eugenópolis(iluminação e corrimão)
_Verificar a linha de ônibus São Cristovão,Napoleão, *OBS: Os ônibus não fazem trajeto no bairro,poucos horários.","em analise","Outros","Pessoal","Principal","Secretaria de Obras"
"41192","208664","2025-02-20 11:36:53","2025-02-20 11:36:53","2025-02-19","_Solicitou se tem como voltar com o plano de saúde dos servidores públicos.
-Bairro Gaspar","em analise","Outros","WhatsApp","Principal","Secretaria de Educação"
"41208","208678","2025-02-20 13:14:34","2025-04-04 09:04:59","2025-02-14","Solicita uma área para as crianças brincarem. Passa muito carro e moto na rua, pois, é caminho da cachoeira do Rio Preto e as crianças não conseguem brincar.
Foi realizado indicação","aguardando execuçao","Outros","WhatsApp","Principal","Secretaria de Obras"
"41233","208702","2025-02-20 15:10:15","2025-04-04 09:03:16","2025-02-20","Pediu uma placa de ""proibido jogar lixo neste local"", para que as pessoas parem de jogar lixo, entulho e movéis no local.","Concluído","Placas, Lombadas e Sinais","WhatsApp","Principal","Secretaria de Serviços Urbanos"
"41262","206651","2025-02-21 09:56:31","2025-04-04 08:58:24","2025-02-21","_Arrumar os parafusos dos brinquedos do parquinho.","Concluído","Outros","WhatsApp","Principal","Secretaria de Obras"
"41336","208836","2025-02-24 10:43:02","2025-04-24 09:42:51","2025-02-10","_Limpeza às margens e no centro do córrego de Itamuri","aguardando execuçao","Limpeza","WhatsApp","Principal","Secretaria do Meio Ambiente"
"41341","208841","2025-02-24 10:57:42","2025-04-04 08:53:48","2025-02-10","-Solicitação de uma praça,no bairro União,com instalação de um parquinho infantil e academia ao ar livre.","aguardando execuçao","Outros","WhatsApp","Principal","Secretaria de Obras"
"41422","208887","2025-02-24 15:40:50","2025-04-24 09:35:52","2025-02-20","Precisando de uma poda de árvore na Rua Alcir Pires Vermelho
(Amiga da Tati Laboratório)","em analise","Poda de Árvore","WhatsApp","Principal","Secretaria do Meio Ambiente"
"41481","208946","2025-02-25 10:16:19","2025-04-04 08:48:09","2025-02-16","_Placas de sinalização do bairro, as mesmas já foram feitas através da indicação.","aguardando execuçao","Outros","Pessoal","Principal","Secretaria de Transporte"
"41487","208953","2025-02-25 10:37:45","2025-02-25 10:37:45","2025-02-16","_Funeral do esposo, Manoel Estevão dos Santos.","Concluído","Auxilio Doença","WhatsApp","Principal","Secretaria de Saúde"
"41528","209002","2025-02-25 14:47:40","2025-02-25 14:54:39","2025-02-24","Transporte do irmão Jorge Peixoto Ferreira do Hospital São Vicente de Paulo - Ubá, para o Hospital São Paulo - Muriaé","Concluído","Outros","WhatsApp","Principal","Secretaria de Saúde"
"41555","209044","2025-02-26 07:38:12","2025-04-04 08:43:15","2025-02-20","_Instalação de uma cobertura no espaço destinado ao parquinho da creche Valdivino Santos Mendes.","aguardando execuçao","Outros","WhatsApp","Principal","Secretaria de Educação"
"41607","209084","2025-02-26 13:48:26","2025-02-27 13:37:15","2025-02-26","Solicitou que verificasse o poste de luz na rua Alicio Mariano da Silva, nº 233 - Bairro São Pedro, está apagado","Concluído","Iluminação","WhatsApp","Principal","Secretaria de Serviços Urbanos"
"41830","209276","2025-03-06 14:06:39","2025-04-04 08:42:32","2025-02-19","Verificar se tem como adiantar a operação de hérnia do Gustavo Teixeira.
Já foi solicitado á secretaria de saúde para verificar uma data","Concluído","Outros","WhatsApp","Principal","Secretaria de Saúde"
"41851","209288","2025-03-07 08:41:15","2025-04-04 07:38:38","2025-03-06","_Solicitou lâmpada de 3 postes apagadas,sendo 2 pertos da casa da casa da Leia e 1 perto da casa da Stiliane,ambos na mesma sequências.
_Bairro Gaspar
_Rua Alvorada","Concluído","Iluminação","WhatsApp","Principal","Secretaria de Serviços Urbanos"
"41852","209290","2025-03-07 08:48:02","2025-04-04 07:37:54","2025-03-06","_Solicitou 1 lâmpada apagada,
_Rua 1°de Maio N°87
_Bairro Gaspar","Concluído","Iluminação","WhatsApp","Principal","Secretaria de Serviços Urbanos"
"41855","209291","2025-03-07 08:57:15","2025-04-04 11:59:15","2025-03-04","_Precisa de capina e limpeza
_Precisa de 1 latão de lixo, os moradores estão jogando lixo na rua.
_Rua Prefeito Francisco Teodoro Filho N°387
_Bairro Patrimônio São José.","Concluído","Limpeza","WhatsApp","Principal","Secretaria de Serviços Urbanos"
"41857","209292","2025-03-07 09:08:57","2025-05-09 14:52:09","2025-03-06","_Cortar as àrvores das estradas.
_Banheiros públicos nas praças.
_Hospital poupa tempo para agilizar os atendimentos.
_Fazer um projeto de lei multirões de consulta durante o ano.
_Visitas nas casas, ( os médicos não estão fazendo)
_Posto de saúde precisa de reformas.
-Obs:Não tem ambulância.
_Ajuda para festa dia das mães.
_Macuco
999623494","em analise","Outros","Pessoal","Principal","Secretaria de Obras"
"41899","209325","2025-03-07 16:31:46","2025-07-22 10:37:12","2025-03-07","Pede para verificar os atendimentos da UBS Joanópolis
Só tem médico de vez em quando e ficha 1 vez na semana","Concluído","Atendimento médico em ubs clinico geral","WhatsApp","Principal","Secretaria de Saúde"
"41927","206671","2025-03-10 10:24:07","2025-04-04 07:31:44","2025-03-10","Limpeza e lavagem da Rua 7 de setembro
Devido a obra e com a chuva a rua está com muita terra","Concluído","Limpeza","WhatsApp","Principal","Secretaria de Serviços Urbanos"
"41998","209394","2025-03-11 08:25:18","2025-04-04 12:00:44","2025-03-10","_Solicitou arrumar a estrada que liga a BR a entrada da empresa Rodo Mais,muitos buracos.","Concluído","Outros","WhatsApp","Principal","Secretaria de Obras"
"42010","209403","2025-03-11 10:32:10","2025-07-22 10:13:47","2025-03-10","_Solicitou a limpeza da descida do bairro muito mato alto.
_Bairro Santa Terezinha","Concluído","Limpeza","WhatsApp","Principal","Secretaria de Serviços Urbanos"
"42155","209648","2025-03-13 16:04:35","2025-05-19 16:24:35","2025-03-11","*Médico Ginecologista, Fisioterapeuta, Clínico Geral fixo e Pediatra
*Luz na entrada de Itamuri (se consegui colocar luz pelo menos na entrada ""Trevo"", já ajudaria muito
*Mais horário de ônibus
*Arrumar a pinguela (já foi feita indicação)
*Passar máquina na estrada indo F2 e se possível, colocar saibo
*Redutores de velocidade nas ruas: Rua da Pracinha, Rua da Flores, Rua Independência)
*Limpeza da rede esgoto a céu aberto
*Poda das árvores
*Regularização das Escrituras das Casas
*Alguns buracos na entrada de Itamuri
*Policiamento na cidade (de vez em quando fazem ronda/existe câmera de monitoramento na cidade)
*Ambulância 24h
*Asfalto ou calçamento na parte da Rua das Flores para que possivelmente o ônibus de outras cidades, possam passar por Itamuri
*Limpeza na Rua pincipal (muitos galhos e folhas)
*Solicitar que quem vier cortar a grama do campo, juntar e recolher o que foi cortado
*Verificar a rota dos varredores de rua
Oficio 604 enviado para limpeza do campo 
","em analise","Outros","Pessoal","Principal","Secretaria de Obras"
"42156","209648","2025-03-13 16:40:29","2025-03-13 16:40:29","2025-03-11","*Verificar a rota do caminhão do lixo (façam direito o trajeto nas ruas nos dias seg./quart./sexta
*Iluminação em uma parte da Rua do Rosário (pracinha do campo)
*Rede de esgoto no final da Rua do rosário
*Quadra de areia
*Cursos profisionalizantes para os adolescentes
*Limpeza do ""Bosque"" (extensão do rio) onde os moradores jogam todo tipo de lixo, deixando o local muito sujo; Perto da escola, está tendo muito bicho que já está entrando pra dentro da escola. Opções para fazer no local: Quadra/um espaço para a festa da colheita/local de lazer - Rua das Flores perto do número 125","em analise","Outros","Pessoal","Principal","Secretaria de Obras"
"42239","209771","2025-03-17 09:32:44","2025-07-22 10:13:11","2025-03-17","_Limpeza do terreno e matos na calçadas, 
_Bairro São Francisco,próximo a caixa de água.
_Rua Mariana Campos 22","Concluído","Limpeza","WhatsApp","Principal","Secretaria de Obras"
"42344","209867","2025-03-18 10:16:14","2025-03-19 10:37:49","2025-03-09","_Solicitou um exame transvaginal
_Rua são João Batista 
_Bairro Gaspar","Concluído","Outros","WhatsApp","Principal","Secretaria de Saúde"
"42448","206436","2025-03-19 10:47:31","2025-03-19 10:47:31","2025-03-19","
Lombada na pista Rua Celino Evaristo de Andrade, 305 A - São Gotardo Foi realizado Indicação","aguardando execuçao","Outros","Outro","Principal","Secretaria de Trânsito"
"42556","210137","2025-03-20 13:44:22","2025-05-05 09:39:53","2025-03-18","Solicita a construção de um muro na Rua Bethânia nº 35
Quando chove entra muita água na casa dela e barro devido morar na parte de baixo da rua
Defesa Civil já realizou a vistória em 2012
Já foi várias vezes na Secretaria de Obras e só pegaram as fotos e não resolveram nada","aguardando execuçao","Outros","Pessoal","Principal","Secretaria de Obras"
"42705","210303","2025-03-24 11:10:45","2025-04-04 07:25:22","2025-03-24","-Solicitou Fisioterapia para os seguintes pacientes.
_Davi Luiz da Fonseca- 9h
_Renyel de Paula Leite-10h
-João Porfirio Sousa-10h
-Todos avaliação na quarta-feira dia 26/03","Concluído","Atendimento médico em ubs clinico geral","WhatsApp","Principal","Secretaria de Saúde"
"42845","210437","2025-03-25 11:00:28","2025-03-25 11:02:00","2025-03-24","-Solicitou médico oftamologista","Concluído","Atendimento médico em ubs clinico geral","WhatsApp","Principal","Secretaria de Saúde"
"42854","210440","2025-03-25 11:22:45","2025-03-25 11:25:35","2025-03-12","_Solicitou iluminação do refletor do posto","Concluído","Iluminação","WhatsApp","Principal","Secretaria de Obras"
"42867","210451","2025-03-25 11:55:09","2025-04-04 07:23:25","2025-03-25","_Solicitou o pedido de uma cesta básica 
_CRAS Santa Terezinha","Concluído","Outros","WhatsApp","Principal","Secretaria de Saúde"
"43005","210588","2025-03-26 11:44:19","2025-07-08 11:53:55","2025-03-26","_Consulta Dr° Thais
_Receita","Concluído","Atendimento médico em ubs clinico geral","WhatsApp","Principal","Secretaria de Saúde"
"43047","210632","2025-03-26 16:39:37","2025-04-04 12:02:54","2025-03-26","Verificar por que o ônibus que passava na Avenida João de Souza Celestino parou de passar no local. Ele passava nessa Avenida toda, mas agora ele vem, chega na rua da escola, na Avenida do Contorno e desce a primeira Rua a direita, chegando na quadra. Os moradores tem que descer a Avenida João de Souza Celestino toda pra pegar o ônibus na quadra.","aguardando execuçao","Transportes solicitacao de viagens ","WhatsApp","Principal","Secretaria de Trânsito"
"43439","211112","2025-04-03 08:26:30","2025-04-04 08:05:28","2025-04-03","_Solicitou uma consulta com Dermatologista
_Telefone da filha( 32)991298533 Juliana
_Senhora participa do CCI","Concluído","Auxilio Doença","Pessoal","Principal","Secretaria de Saúde"
"43519","211252","2025-04-03 16:27:25","2025-05-05 09:35:55","2025-03-31","Solicita asfalto na Rua Barônia Augusta no Bairro Vale Verde
","aguardando execuçao","Asfalto","WhatsApp","Principal","Secretaria de Obras"
"43566","211310","2025-04-04 12:32:11","2025-05-06 11:16:03","2025-04-04","_Paciente solicitou consulta médica, laudo para fazer cirurgia 
-Poliosteretomia (retirada de pólio)
Consulta agendada para o dia 05/05, na UBS Gaspar","Concluído","Atendimento médico em ubs clinico geral","Pessoal","Principal","Secretaria de Saúde"
"43593","211160","2025-04-07 08:02:15","2025-04-07 08:02:15","2025-02-21","_Paciente fez o pedido de fisioterapia e foi atendida","Concluído","Auxilio Doença","WhatsApp","Principal","Secretaria de Saúde"
"43594","211341","2025-04-07 08:29:53","2025-04-07 08:29:53","2025-03-12","_Paciente fez o pedido de um oftamologista dor no olho.
_Foi atendida com Dr paula 13/03/2025 as 12:00h no Centro de Especialidades Multiprofissionais","Concluído","Atendimento médico em ubs clinico geral","WhatsApp","Principal","Secretaria de Saúde"
"43597","211344","2025-04-07 08:48:55","2025-04-07 08:48:55","2025-04-04","_Paciente fez o pedodo e atendida na desistencia no Caic","Concluído","Atendimento médico em ubs clinico geral","WhatsApp","Principal","Secretaria de Saúde"
"43606","211351","2025-04-07 09:28:24","2025-05-05 09:34:15","2025-04-07","_Moradora solicitou iluminação na mina de água muito escuro o local.
_Vila Santa Rita","em analise","Iluminação","WhatsApp","Principal","Secretaria de Obras"
"43612","211354","2025-04-07 09:46:19","2025-05-06 10:45:20","2025-03-12","_Moradora fez o pedido de postes danificados e caindo.
-Bairro São Pedro","Concluído","Iluminação","WhatsApp","Principal","Secretaria de Obras"
"43622","211362","2025-04-07 10:13:17","2025-04-07 10:13:17","2025-04-07","_Paciente entrou em contato solicitando atendimento médico com muita dor, foi encaminhada para UBS,as 13:30h Dr Rebeca.
_Rua principal Vermelho.","Concluído","Atendimento médico em ubs clinico geral","WhatsApp","Principal","Secretaria de Saúde"
"43626","211368","2025-04-07 10:51:04","2025-04-07 10:51:04","2025-04-07","_Moradora pediu pra verificar se os animais estão tendo mals tratos,(Late sem parar gerando incomodo a todos)","aguardando execuçao","Outros","WhatsApp","Principal","Secretaria de Serviços Urbanos"
"43627","211374","2025-04-07 11:07:28","2025-04-07 11:07:28","2025-04-07","_Regularização do IPTU da sua residencia, foi encaminhada para o orgão responsável.
_Vila Santa Rita (parte de baixo)","Concluído","Outros","WhatsApp","Principal","Secretaria de Administração"
"43687","211485","2025-04-08 08:23:10","2025-04-08 08:23:10","2025-04-07","_Paciente cadeirante,pediu para conceder acesso na porta da policlinica do Safira","aguardando execuçao","Outros","WhatsApp","Principal","Secretaria de Obras"
"43735","211534","2025-04-09 08:45:33","2025-07-22 10:10:53","2025-04-09","_Moradora solicitou podas das árvores da pracinha do bairro.
_Poda dos canteiros da praça
_Bairro planalto","Concluído","Poda de Árvore","WhatsApp","Principal","Secretaria do Meio Ambiente"
"43736","211535","2025-04-09 08:52:11","2025-04-09 08:52:11","2025-04-09","_Morador pediu pra passar rolo no campo.
-Bairro Sofocó","em analise","Outros","Pessoal","Principal","Secretaria do Lazer"
"43741","211540","2025-04-09 09:44:31","2025-04-09 09:44:31","2025-04-09","_Paciente está na fila para aparelho audiometria.
_Bairro Planalto","aguardando execuçao","Auxilio Doença","WhatsApp","Principal","Secretaria de Saúde"
"43742","211542","2025-04-09 10:10:19","2025-05-05 09:26:45","2025-04-09","_Paciente precisa de consulta com Dermatologista","Concluído","Atendimento médico em ubs clinico geral","WhatsApp","Principal","Secretaria de Saúde"
"43793","211648","2025-04-10 08:55:42","2025-05-06 10:52:04","2025-04-10","_Morador solicitou tampa buracos ou recapeamento asfaltica
_R:Antônio Pereira Galvão 
_Bairro Encoberta","aguardando execuçao","Outros","WhatsApp","Principal","Secretaria de Obras"
"43808","211673","2025-04-10 10:33:27","2025-04-10 10:33:27","2025-04-10","_Moradora fez o pedido de uma cesta básica (só a mãe trabalha na casa e está doente)","Concluído","Outros","WhatsApp","Principal","Secretaria de Administração"
"43809","211677","2025-04-10 10:45:49","2025-04-10 10:45:49","2025-04-10","_Moradora solicitou o pedido de alguns itens para a comunidade.
_Alegou que não tem projeto para as crianças
_Cones,Tartaruguinha,Escadinha e Bola.
_Boa família","aguardando execuçao","Outros","WhatsApp","Principal","Secretaria de Esporte"
"43846","211753","2025-04-11 08:36:31","2025-04-11 08:36:31","2025-04-11","_Paciente solicitou uma consulta Oftalmologista
_Dia 29/04 as 7hs Dr Paulo Roberto 
_Viva Vida","Concluído","Atendimento médico em ubs clinico geral","WhatsApp","Principal","Secretaria de Saúde"
"43848","211755","2025-04-11 08:43:05","2025-04-11 08:43:05","2025-04-10","_Fez o pedido de doação,qualquer valor para comprar chocolates para doar nas comunidades,para as crianças.","Concluído","Outros","WhatsApp","Principal","Secretaria do Lazer"
"43849","211756","2025-04-11 08:56:05","2025-04-11 08:56:05","2025-04-11","_Moradora Solicitou uma revisão de uma encosta 
_R:Dona Loudes Reis Neves em frente ao 170 perto do Cristo","em analise","Outros","WhatsApp","Principal","Secretaria de Obras"
"43906","211890","2025-04-14 11:05:44","2025-05-05 09:31:48","2025-04-11","_Moradora solicitou consulta com ginecologista com urgência(hemorragiia a um mês)Foi marcada com Dr Leticia ","Concluído","Atendimento médico em ubs clinico geral","WhatsApp","Principal","Secretaria de Saúde"
"43907","211894","2025-04-14 11:31:43","2025-07-22 10:35:04","2025-04-11","_Solicitou o pedido da iluminação da praça do Rosário.
_Já foi feita indicação a Engenheira responsável e está sendo resolvido o problema que é dentro da praça.","Concluído","Iluminação","WhatsApp","Principal","Secretaria de Obras"
"43908","211903","2025-04-14 11:49:21","2025-04-14 11:49:21","2025-04-12","_Fez o questionamento que devido ao feriado ia fica um mês e meio sem cesta cheia.
_Assisente social se prontificou de fazer a troca.","Concluído","Outros","Pessoal","Principal","Secretaria de Administração"
"44191","212365","2025-04-22 15:11:13","2025-04-22 15:12:18","2025-04-22","Limpeza na Rua Petronela Guilherme no Bairro São Joaquim
Já foi solicitado para o Eder","aguardando execuçao","Limpeza","WhatsApp","Principal","Secretaria de Serviços Urbanos"
"44194","212377","2025-04-22 15:30:23","2025-05-05 14:24:41","2025-04-22","Limpeza da vegetação e colocar saibo na estrada do Via Park até o Sítio do Daniel devido ao barro","aguardando execuçao","Outros","WhatsApp","Principal","Secretaria de Obras"
"44205","211354","2025-04-23 09:18:11","2025-04-23 09:18:46","2025-04-15","_Doação pix solidario 50,00 para caixa de bombom","Concluído","Outros","WhatsApp","Principal","Secretaria do Lazer"
"44207","212412","2025-04-23 09:26:45","2025-04-23 09:26:45","2025-04-16","_Foi marcado para o paciente exames no laboratório municipal.
_Foi marcado ultrassom abdominal no planejamento familiar.
_Ambos no mesmo dia com urgencia","Concluído","Atendimento médico em ubs clinico geral","WhatsApp","Principal","Secretaria de Saúde"
"44208","212413","2025-04-23 09:45:55","2025-04-23 09:45:55","2025-04-16","_Solicitou o pedido para pintar a sala das crianças UBS.
_Colocar um banco no ponto de ônibus na entrada da 7 de Setembro no bairro Gaspar.","em analise","Outros","WhatsApp","Principal","Secretaria de Obras"
"44282","212451","2025-04-24 08:12:05","2025-04-24 08:12:05","2025-04-24","_Solicitou o pedido de uma consulta com psiquiatra com urgencia,paciente está tendo crises.
_Foi marcado para dia 25/04 as 13:00 no Caic","Concluído","Atendimento médico em ubs clinico geral","WhatsApp","Principal","Secretaria de Saúde"
"44283","212452","2025-04-24 08:16:14","2025-04-24 08:16:14","2025-04-24","_Solicitou o pedido de uma consulta com Geriatra para seu avô de 98 anos.
_Vai ser atendido dia 24/04 UBS Gaspar Dr Rebeca","Concluído","Atendimento médico em ubs clinico geral","WhatsApp","Principal","Secretaria de Saúde"
"44284","212453","2025-04-24 08:22:14","2025-04-24 08:22:14","2025-04-24","_Fez o pedido de uma consulta com Ortopedista para Suzana Japiassu Da silva.
_Consulta marcada para o dia 25/04 as 7:00 no Caic
_Bairra Santa Terezinha","Concluído","Atendimento médico em ubs clinico geral","WhatsApp","Principal","Secretaria de Saúde"
"44396","212644","2025-04-25 15:48:50","2025-07-22 10:34:12","2025-04-24","Pediu que ajudasse adiantar algumas consultas que está precisando muito
Cardiologista - Munik ficou de marcar
Neurologista - Marcado para dia 28/04 (pegar guia na UBS)
Cirurgial Geral Colecistite - Aguardar
Consulta Nefrologia (Dr. Hellen) - Aguardar","Concluído","Atendimento médico em ubs clinico geral","WhatsApp","Principal","Secretaria de Saúde"
"44426","212451","2025-04-28 10:44:37","2025-04-28 10:44:37","2025-04-28","_Marcação de exames sangue e urina no Laborátorio Municipal.","Concluído","Atendimento médico em ubs clinico geral","WhatsApp","Principal","Secretaria de Saúde"
"44553","207219","2025-04-30 11:09:27","2025-04-30 11:09:27","2025-04-30","_Paciente solicitou o pedido de raio-x da bacia.
_Dia 03/05 as 8:00 no Sedim do Hospital São Paulo","Concluído","Outros","WhatsApp","Principal","Secretaria de Saúde"
"44569","212802","2025-04-30 14:19:03","2025-04-30 14:21:49","2025-04-29","Adiantar a Resonância do pé
Marcado no Hospital São Paulo","Concluído","Outros","WhatsApp","Principal","Secretaria de Saúde"
"44595","212833","2025-05-05 10:00:42","2025-05-05 10:00:42","2025-04-08","_Moradora solicitou que a rua está caindo e descendo muita agua em sua residencia.","em analise","Outros","WhatsApp","Principal","Secretaria de Obras"
"44607","212839","2025-05-05 10:47:05","2025-05-06 10:59:40","2025-04-07","_Proprietários e moradores solitou placas de lixo e retirada do local, muita sujeira no local","aguardando execuçao","Limpeza","WhatsApp","Principal","Secretaria de Obras"
"44629","212852","2025-05-05 12:20:14","2025-05-05 12:20:14","2025-05-05","_Solicitou o pedido de oxigênio para sua mãe que está internada e para ser liberada da UPA necessita do aparelho.
_Bairro Dornelas ","Concluído","Auxilio Doença","Pessoal","Principal","Secretaria de Saúde"
"44631","212854","2025-05-05 12:25:10","2025-05-05 12:25:10","2025-04-29","_Moradora fez o pedido do poste sem iliminação.
_Rua Alvorada 187
_Bairro Gaspar","Concluído","Iluminação","WhatsApp","Principal","Secretaria de Obras"
"44632","206710","2025-05-05 12:28:30","2025-07-22 10:32:15","2025-05-05","_Moradora solicitou cata treco nas seguintes ruas.
_Av. Cecília Meireles
_R.Manoel Bandeira 
_Bairro Colety","Concluído","Outros","WhatsApp","Principal","Secretaria de Obras"
"44633","206710","2025-05-05 12:32:25","2025-05-05 12:32:25","2025-05-05","_Fez o pedido de cesta básica para Elza
_Rua Nélia de Araújo Braga N°114 Bairro Gaspar
","Concluído","Outros","WhatsApp","Principal","Secretaria de Administração"
"44668","212864","2025-05-05 14:52:52","2025-05-05 14:52:52","2025-04-22","Limpeza do lixo jogado na rua São João Batista","Concluído","Limpeza","WhatsApp","Principal","Secretaria de Serviços Urbanos"
"44672","212869","2025-05-05 15:13:05","2025-05-05 15:13:05","2025-05-05","Solicita aparelho de oxigênio para a mãe sair da UPA","Concluído","Auxilio Doença","WhatsApp","Principal","Secretaria de Saúde"
"44706","212893","2025-05-06 09:39:35","2025-05-06 09:39:35","2025-04-29","_Morador solicitou iluminação na pracinha do Safira.
_Bairro Safira.","Concluído","Iluminação","WhatsApp","Principal","Secretaria de Obras"
"44707","212894","2025-05-06 09:48:02","2025-05-06 09:48:02","2025-04-29","_Moradora solicitou o pedido da construção do muro próximo a casa caindo 
_Obs: Paciente cadeirante","aguardando execuçao","Outros","WhatsApp","Principal","Secretaria de Obras"
"44708","212659","2025-05-06 09:53:02","2025-05-06 09:53:02","2025-04-29","_Moradora solicitou tapa buracos dificil acesso.
_Bairro Quinta das Flores","aguardando execuçao","Asfalto","WhatsApp","Principal","Secretaria de Obras"
"44710","211354","2025-05-06 10:09:47","2025-07-02 16:00:05","2025-04-10","_Moradora solicitou podas de asrvores na rua 
_Rua :Maria Conceição Sabino
_Bairro São Pedro","Concluído","Poda de Árvore","WhatsApp","Principal","Secretaria do Meio Ambiente"
"44716","212897","2025-05-06 10:22:02","2025-07-22 10:31:21","2025-03-14","_Representante de bairro,veio nos procurar solicitando se possível um varredor de rua fixo na barra, alegando que só tem nas ruas principais.
_Rua:Marcos Tarcisio (Atrás da igreja da barra)","Concluído","Limpeza","Pessoal","Principal","Secretaria do Meio Ambiente"
"44719","212900","2025-05-06 10:35:49","2025-06-06 10:05:59","2025-04-08","_Moradora solicitou que a rua está com vários locais afundando,inclusivel próximo a rede de esgoto.
_Rua: Geraldo Argemiro Da Cunha
_Bairro Santa Luzia
Indicação nº 509","Concluído","Asfalto","WhatsApp","Principal","Secretaria de Obras"
"44723","212901","2025-05-06 10:43:17","2025-05-06 10:43:17","2025-04-10","_Moradora fez o pedido do corte da árvore que está caindo, e o excesso de galhos causando danos nos fios
_Rua 1°de Maio
_Bairro Gaspar","aguardando execuçao","Poda de Árvore","WhatsApp","Principal","Secretaria do Meio Ambiente"
"44729","212905","2025-05-06 11:25:27","2025-05-06 11:25:27","2025-03-26","_Moradora solicitou que cobrisse a quadra do bairro, onde os moradores tem grande acesso.
_Bairro Planalto","aguardando execuçao","Outros","Pessoal","Principal","Secretaria de Obras"
"44737","206704","2025-05-06 12:34:50","2025-05-06 12:34:50","2025-04-28","_Solicitou uma interprete de libras para o evento que aconteceu no Bairro Planalto 30/04 as 19:30 
_Interprete Flávia ","Concluído","Outros","WhatsApp","Principal","Secretaria de Cultura"
"44780","212976","2025-05-07 11:32:03","2025-05-07 11:32:03","2025-05-06","_Solicitou 2 postes apagados 
_Rua Das Carmélias N°245 Bairro Recanto verde (próximos a esquina da rua)","Concluído","Iluminação","WhatsApp","Principal","Secretaria de Obras"
"44781","212980","2025-05-07 11:41:22","2025-05-07 11:41:22","2025-05-06","_Paciente solicitou atendimento médico com urgência
_Dr Cláudio Rogério 07/05 as 8:00 ","Concluído","Atendimento médico em ubs clinico geral","WhatsApp","Principal","Secretaria de Saúde"
"44782","212982","2025-05-07 11:47:15","2025-05-07 11:47:15","2025-05-06","_Paciente solicitou uma consulta com ortopedista
_Dia 08/05/25 as 14:00 no CAIC","Concluído","Atendimento médico em ubs clinico geral","WhatsApp","Principal","Secretaria de Saúde"
"44792","212988","2025-05-07 13:04:45","2025-05-08 12:02:46","2025-05-05","Verificar a Rua Elísio Firmino da Costa, pois está sem luz a 3 dias","Concluído","Iluminação","WhatsApp","Principal","Secretaria de Serviços Urbanos"
"44809","213005","2025-05-07 16:19:02","2025-05-19 16:22:16","2025-05-07","Fiscalizar a obra da Avenida Alvino Carlos de Souza s/n, logo na entrada da rua. Estão tirando terra e está tendo muita poeira na rua e quando chove muito barro.
Oficio nº 48","aguardando execuçao","Outros","WhatsApp","Principal","Secretaria de Obras"
"44825","213023","2025-05-08 08:51:36","2025-05-08 08:51:36","2025-05-05","_Paciente sofreu acidente, está em Além Paraiba e precisa ser transferido para Muriaé (quebrou 5 costelas,hemo rragia interna,traumatismo crâniano,fratura espostas)
_Foi transferido precisa de cirurgia_Placa bloqueadora femural de titânio-femur esmagado.","Concluído","Atendimento médico em ubs clinico geral","WhatsApp","Principal","Secretaria de Saúde"
"44832","213031","2025-05-08 10:01:27","2025-05-08 10:01:27","2025-05-08","_Representante pastoral da terra veio no meu gabinete, solicitando uma contribuição,para uma viagem missionária.
_Contribui com 1 ventilador para a rifa.","Concluído","Outros","Pessoal","Principal","Secretaria do Lazer"
"44836","213034","2025-05-08 10:22:28","2025-05-08 10:22:28","2025-05-07","_Morador solicitou capina por cima do CEFAS mato muito alto, prejudicando moradores.
_Rua José Carlos Sobrinho Bairro Barra","aguardando execuçao","Limpeza","WhatsApp","Principal","Secretaria de Obras"
"44840","213037","2025-05-08 11:16:04","2025-05-08 11:16:04","2025-05-07","_Paciente pediu para adiantar ressonância.
_Saiu o papel da cirurgia hérnia
_Dia 22/05/2025 ","Concluído","Atendimento médico em ubs clinico geral","WhatsApp","Principal","Secretaria de Saúde"
"44842","206710","2025-05-08 11:40:40","2025-05-08 11:40:40","2025-05-05","_Solicitou cesta básica Marinha 90 anos 
_Rua Manoel Bandeira N°04 fundos 
_Bairro Colety","Concluído","Outros","WhatsApp","Principal","Secretaria de Administração"
"44843","206710","2025-05-08 11:43:14","2025-05-08 11:43:14","2025-05-05","_Solicitou cesta básica para Gisele
_Rua Devailx Custódia De Novaes N°290
_Bairro São Joaquim","Concluído","Outros","WhatsApp","Principal","Secretaria de Administração"
"44844","206710","2025-05-08 11:45:27","2025-05-08 11:45:27","2025-05-05","-Solicitou cesta básica para Guilherme Ferreira 
_Rua Pedro Mazini N°428 Bairro Santo Antonio","Concluído","Outros","WhatsApp","Principal","Secretaria de Administração"
"44865","213077","2025-05-08 16:47:17","2025-06-05 14:07:37","2025-05-08","A sobrinha Aline, entrou em contato solicitando que verificasse junto a Demsur a troca do cavalete  na residência da Tia Marli, que já faz 2 meses que foi solicitado e até no momento não foi realizado a mudança.
Será realizado o serviço no dia 12/05/25","Concluído","Saneamento, Água e Esgoto","WhatsApp","Principal","Secretaria de Obras"
"44875","213098","2025-05-09 10:00:06","2025-05-09 10:00:06","2025-05-07","_Solicitou pedido de 2 medicamentos 
_Foi atendido 1 suplemento
","Concluído","Medicamentos","WhatsApp","Principal",NULL
"44896","213120","2025-05-09 11:51:19","2025-05-09 11:51:19","2025-05-08","_Solicitou uma cosulta com Ginecologista, para mostrar exames.
_Consulta marcada para o dia 13/05 as 7horas Dr Guilherme Na UBS Clóvis de Aquino Bairro Patrimônio","Concluído","Atendimento médico em ubs clinico geral","WhatsApp","Principal","Secretaria de Saúde"
"44953","213305","2025-05-12 12:07:05","2025-05-12 12:07:05","2025-05-10","_Solicitou que o CRAS visitasse para, fazer carteirinha interestadual,
_Moradora idosa","Concluído","Outros","WhatsApp","Principal","Secretaria de Administração"
"44955","213306","2025-05-12 12:11:10","2025-05-12 12:11:39","2025-05-12","_Paciente precisa de um Psiquiatra (Transtorno de stress, imposibilitado de trabalhar).
_Consulta dia 14/05/2025 as 12:00 no CAIC Dr Rodrigo
_Bairro Dornelas","Concluído","Atendimento médico em ubs clinico geral","Pessoal","Principal","Secretaria de Saúde"
"44957","213307","2025-05-12 12:17:24","2025-05-12 12:17:24","2025-05-10","_Foram doadas prendas para festa do dia das mães no Macuco.","Concluído","Outros","WhatsApp","Principal","Secretaria do Lazer"
"44958","213309","2025-05-12 12:21:24","2025-05-12 12:21:24","2025-05-09","_Pediu prendas para a festividade da igreja Nossa Senhora De Fátima
_","Concluído","Outros","WhatsApp","Principal","Secretaria do Lazer"
"44959","213310","2025-05-12 12:25:49","2025-05-12 12:25:49","2025-03-17","_Solicitou retirada de quelóide,já estava na fila alguns meses
_Bairro Gaspar","Concluído","Atendimento médico em ubs clinico geral","WhatsApp","Principal","Secretaria de Saúde"
"44986","211469","2025-05-12 14:27:12","2025-05-12 14:27:12","2025-05-12","_Solicitou muleta de dois braços para Sr que ele cuida ","Concluído","Outros","WhatsApp","Principal","Secretaria de Saúde"
"44988","213335","2025-05-12 14:33:32","2025-05-21 15:16:35","2025-05-12","_Recapeamento asfaltico da Rua Pedro Dimas (subida do Primavera na rua da escola Maria Quitéria)
Indicação nº 603","aguardando execuçao","Asfalto","Pessoal","Principal","Secretaria de Obras"
"44992","213345","2025-05-12 14:58:50","2025-05-12 14:59:48","2025-05-12","Verificar o Poste que está com defeito na Nélia de Araujo Braga N°3 na esquina ","Concluído","Iluminação","WhatsApp","Principal","Secretaria de Serviços Urbanos"
"45081","213465","2025-05-13 16:14:57","2025-05-13 16:14:57","2025-05-13","Verificar vaga no Asilo Lar Ozanan para Francisca José de Almeida 83 anos - Rua José Amaro nº 48, José Cirilo","em analise","Moradia","WhatsApp","Principal","Secretaria de Habitação"
"45082","213466","2025-05-13 16:18:34","2025-06-05 14:42:19","2025-05-13","Verificar junto ao Demsur para arrumar um buraco na Rua São João Batista em frente ao número 355 Gaspar
Já foi solicitado ao Demsur","Concluído","Saneamento, Água e Esgoto","WhatsApp","Principal","Secretaria de Obras"
"45092","213474","2025-05-14 10:01:18","2025-05-29 09:30:35","2025-05-12","_Moção de aplausos ao trabalho que a mesma desenvolve com excelência em Muriaé.
_Assistente Social
_Obs: A mesma contém um erro dev escrita e foi corrigida dia 26/05,trocada de Assistente Social para Psicologa.","Concluído","Outros","Pessoal","Principal","Secretaria de Administração"
"45093","213475","2025-05-14 10:05:33","2025-05-14 10:10:27","2025-05-12","_Moção de congratulações e aplausos,pela profissional excelente que temos em Muriaé
_Assistente Social","Concluído","Outros","Pessoal","Principal","Secretaria de Administração"
"45094","213476","2025-05-14 10:10:05","2025-05-14 10:10:05","2025-05-12","_Moção de aplausos ao excelente trabalho e dedicação,desenvolvido em nossa Muriaé
_Assistente Social","Concluído","Outros","Pessoal","Principal","Secretaria de Administração"
"45095","213477","2025-05-14 10:22:22","2025-05-14 10:22:22","2025-05-14","-Moradora solicitou um atendimento veterinário,foi atendido no CCZ
_Dia 14/05/25 as 8:00
_OBS:cachorra estourou o tumor na barriga","Concluído","Auxilio Doença","WhatsApp","Principal","Secretaria de Saúde"
"45118","213542","2025-05-14 14:04:50","2025-05-14 14:04:50","2025-05-13","Precisa fazer um tratamento odontologico 
Marcado na UBS do Gaspar 7h da manhã","Concluído","Atendimento médico em ubs clinico geral","WhatsApp","Principal","Secretaria de Saúde"
"45168","213607","2025-05-15 13:26:27","2025-07-22 10:09:39","2025-05-14","Colocar placa com o nome da rua com o nome certo que é (Maria Xavier Santana) e não (Josefa Zém). Verificar pagamento dos direitos trabalhistas da filha Cláudia. Troca do número 289 que consta em 2 casas na mesma rua trazendo aborrecimento entre os vizinhos.","Concluído","Placas, Lombadas e Sinais","WhatsApp","Principal","Secretaria de Obras"
"45270","212982","2025-05-19 10:01:50","2025-05-19 10:01:50","2025-05-19","_Solicitou raio x Braço e perna foi marcado","Concluído","Atendimento médico em ubs clinico geral","WhatsApp","Principal","Secretaria de Saúde"
"45275","210754","2025-05-19 11:18:26","2025-05-19 11:18:26","2025-05-01","_Solicotou tampa buraco,asfalto abrindo na rua Presidente Kennedy","Concluído","Asfalto","WhatsApp","Principal","Secretaria de Obras"
"45276","213702","2025-05-19 11:31:34","2025-05-26 13:42:46","2025-05-19","_Solicitou que fizesse uma visita em uma residência com lixo.
-Rua Nélia de Araújo Braga N°65 Bairro Gaspar.","Concluído","Limpeza","WhatsApp","Principal","Secretaria do Meio Ambiente"
"45338","213795","2025-05-20 08:41:57","2025-05-20 08:41:57","2025-04-25","_ Solicitou o pedido de medalhas,alojamento e espaço para seu campeonato de capoeira que acontece 22/23e24 de Maio na Única no bairro Safira.","Concluído","Patrocínio Esportivo","WhatsApp","Principal","Secretaria do Lazer"
"45340","213763","2025-05-20 08:44:52","2025-07-22 10:29:09","2025-05-19","_Morador solicitou que a energisa colocasse um afastador no poste em frente a sua casa, o fio passa no muro do terraço colocando em risco. 
__foi feito um oficio do gabinete para energisa","Concluído","Iluminação","WhatsApp","Principal","Secretaria de Obras"
"45434","208197","2025-05-21 12:39:43","2025-08-19 15:04:53","2025-05-21","Adiantar a Resonância do joelho direito","Concluído","Atendimento médico em ubs clinico geral","WhatsApp","Principal","Secretaria de Saúde"
"45442","211160","2025-05-21 14:54:31","2025-07-22 10:42:31","2025-05-21","Pedido para adiantar a ressonância membro superior (unilateral)
Foi realizado particular 
","Concluído","Atendimento médico em ubs clinico geral","WhatsApp","Principal","Secretaria de Saúde"
"45469","213892","2025-05-22 08:47:11","2025-05-22 08:47:11","2025-05-19","_Solicitou atendimento Oftamologico para o paciente Lucas Amaral Monteiro (paciente 7 anos TEA e TDAH
_Consulta dia 23/05 as 12hs Dr Paula Viva Vida","Concluído","Atendimento médico em ubs clinico geral","WhatsApp","Principal","Secretaria de Saúde"
"45470","213893","2025-05-22 08:58:36","2025-05-22 08:58:36","2025-05-20","_Solicitou atendimento com Oftalmologista
_Consulta dia 27/05 as 7hs Dr Paulo Roberto Viva Vida","Concluído","Atendimento médico em ubs clinico geral","WhatsApp","Principal","Secretaria de Saúde"
"45472","213894","2025-05-22 09:05:23","2025-05-22 09:05:23","2025-05-20","_Solicitou atendimento Oftalmologista
_Consulta dia 29/05 as 12hs Dr Paula Viva Vida","Concluído","Atendimento médico em ubs clinico geral","WhatsApp","Principal","Secretaria de Saúde"
"45475","206742","2025-05-22 09:21:26","2025-05-22 09:21:26","2025-05-20","_Foi chamada para tirar medidas da prótese perna 
-Dia 22/05 em Além Paraíba","Concluído","Atendimento médico em ubs clinico geral","WhatsApp","Principal","Secretaria de Saúde"
"45476","213896","2025-05-22 09:28:28","2025-05-22 09:28:28","2025-05-20","_Moradora solicitou pedido de cesta básica e foi passado para o CRAS do São Joaquim, para enviar","Concluído","Outros","WhatsApp","Principal","Secretaria de Administração"
"45483","213905","2025-05-22 11:10:50","2025-05-22 11:10:50","2025-05-20","_Solicitou o pedido de transporte para uma criança consultar em BH (wilton Rocha) na data de 22/05/2025 as 08:00hs
_Erick Da Silva Araújo ","Concluído","Atendimento médico em ubs clinico geral","WhatsApp","Principal","Secretaria de Saúde"
"45484","213906","2025-05-22 11:17:34","2025-07-03 10:35:50","2025-05-19","_Solicitou ajuda para a festividade de São Bento 
_Dias 11/07e12/07 de 2025 Bairro Porto Belo
_Foi atendido com 25 jogos de mesa,01 pula pula,01 equipamento de som,01 palco,05 barracas 5x3,01 tenda,01 cantor credenciado para o dia 12/07
_Ofício feito e entregue a FUNDART","Concluído","Patrocínio Cultural","Pessoal","Principal","Secretaria de Cultura"
"45491","213908","2025-05-22 11:32:19","2025-05-22 11:32:19","2025-05-20","_Paciente solicitou pedido de exame (Ultrassonografia de abdomen total)
_Dia 23/05 as 08:00hs no Planejamento Familiar","Concluído","Atendimento médico em ubs clinico geral","WhatsApp","Principal","Secretaria de Saúde"
"45500","213912","2025-05-22 13:59:44","2025-07-02 16:01:40","2025-05-22","Solicitou uma cesta básica para moradora Elizabeth","Concluído","Outros","WhatsApp","Principal","Secretaria de Saúde"
"45587","206671","2025-05-23 14:12:29","2025-07-03 10:45:40","2025-05-22","Pedindo para lavar a Rua 7 de setembro muita poeira","Concluído","Outros","WhatsApp","Principal","Secretaria de Obras"
"45643","214004","2025-05-26 13:40:54","2025-05-26 13:40:54","2025-05-23","Adiantar os exames de Urina e de Sangue.
Foi realizado os exames no dia 26/05/25","Concluído","Outros","WhatsApp","Principal","Secretaria de Saúde"
"45647","214007","2025-05-26 14:02:04","2025-07-02 15:55:19","2025-05-21","Solicita correção no nome da Rua Vitorino Dalla Paula para Rua Vitorio Dalla Paula. 
Aguardando documentação para anexar junto a PL","Concluído","Outros","Pessoal","Principal","Secretaria de Habitação"
"45800","214101","2025-05-28 12:56:30","2025-06-05 14:02:06","2025-05-27","Solicita muleta para os 2 braços ","Concluído","Outros","WhatsApp","Principal","Ação Social"
"45802","214102","2025-05-28 13:36:16","2025-05-28 13:37:03","2025-05-22","Verificar no HSP por que o irmão está internado a muitos dias e ainda não foi operado, sentindo muita dor.
José Sábio Ribas Filho - quarto 408 - 4º andar
A operação foi realizada no fêmur","Concluído","Atendimento médico em ubs clinico geral","WhatsApp","Principal","Secretaria de Saúde"
"45810","213345","2025-05-28 15:00:40","2025-05-29 13:15:02","2025-05-28","Solicita a mudança da lâmpada do poste da rua nélia de araújo braga nº 03 - gaspar, pois não está iluminando direito.
Solicitação e vídeo passado para Nandine.","aguardando execuçao","Iluminação","WhatsApp","Principal","Secretaria de Serviços Urbanos"
"45907","214228","2025-05-29 08:42:39","2025-05-29 08:42:39","2025-05-28","_Solicitou a transferência da UPA para o Prontocor,paciente infartou domingo 25/05 e foi transferido 28/05","Concluído","Auxilio Doença","WhatsApp","Principal","Secretaria de Saúde"
"45915","212050","2025-05-29 09:36:55","2025-05-29 09:36:55","2025-05-28","_Solicito o pedido de uma cadeira de rodas e conseguiu com o Toninho Lions para buscar Rua Alameda das Orquideas 630 Bairro Quinta das Flores,","Concluído","Auxilio Doença","WhatsApp","Principal","Secretaria de Saúde"
"45918","214241","2025-05-29 10:14:40","2025-05-29 10:14:40","2025-05-27","_Solicitou o pedido para resolver com o Mário Lúcio Densur para dividir as contas de água.","Concluído","Saneamento, Água e Esgoto","Pessoal","Principal","Secretaria de Obras"
"45919","214243","2025-05-29 10:26:11","2025-05-29 10:26:11","2025-05-22","_Solicitou uma consulta com ginecologista 
_UBS Santana Dr Sônia dia 28/05 as 14:00","Concluído","Atendimento médico em ubs clinico geral","WhatsApp","Principal","Secretaria de Saúde"
"45921","214245","2025-05-29 10:41:31","2025-05-29 10:42:18","2025-05-06","_Solicitou troca de rede de esgoto na rua, afundamento de manilha
_Bairro União entrada do bairro em frente a oficina do Alcedino.
-Foi concluído e asfaltado novamente","Concluído","Saneamento, Água e Esgoto","Pessoal","Principal","Secretaria de Obras"
"45922","214246","2025-05-29 10:48:07","2025-05-29 10:48:07","2025-05-26","-Foi vistoriar UBS Marambaia, e deparou com pacientes reclamando que o dentista não estava funcionado que comprenssor estava com defeito, foi feito o pedido e realizado.","Concluído","Outros","Pessoal","Principal","Secretaria de Saúde"
"45923","214247","2025-05-29 11:08:18","2025-05-29 11:08:18","2025-05-23","_Solicitou a marcação dos seguintes exames.
_TRM- TB (escarro)
_RX Tórax PA perfil
_Eofagogastrodriodenoscopia
_Exames de sangue","Concluído","Exames de sangue","WhatsApp","Principal","Secretaria de Saúde"
"45924","214246","2025-05-29 11:25:05","2025-05-29 11:25:05","2025-05-23","_Fez doação para a festa de Itamuri que vai acontecer dia 30/05 
_Contribuição de calabresa valor de 30,00.","Concluído","Outros","WhatsApp","Principal","Secretaria do Lazer"
"45994","214296","2025-05-30 14:25:58","2025-05-30 14:28:45","2025-05-29","Solicita cesta básica
Já foi passado para o Cras para enviar","Concluído","Cestas Básicas","WhatsApp","Principal","Ação Social"
"46057","214416","2025-06-02 15:09:48","2025-06-02 15:11:46","2025-05-29","Missionária Antônia pede cesta básica para Getulio Caetano de Souza, na Rua Vanderley Cardoso Magalhães nº 20 - Cardoso de Melo (Parte Alta, próxima Igreja Católica). Benefício negado e coleta reciclagem","Concluído","Cestas Básicas","WhatsApp","Principal","Ação Social"
"46091","214464","2025-06-02 17:55:56","2025-06-02 17:56:48","2025-05-28","Adiantar o pedido de consulta em Juiz de Fora, para Miguel da Silva Pereira, em caráter de urgência.","Concluído","Atendimento médico em ubs clinico geral","WhatsApp","Principal","Secretaria de Saúde"
"46104","214471","2025-06-03 09:14:34","2025-06-03 09:14:34","2025-06-02","_Solicitou atendimento médico com Oftalmologista
_Consulta dia 10/06 as 7hs Dr Paulo Roberto Viva Vida","Concluído","Atendimento médico em ubs clinico geral","WhatsApp","Principal","Secretaria de Saúde"
"46105","207205","2025-06-03 09:16:44","2025-06-03 09:16:44","2025-05-30","_Solicitou atendimento com Oftalmologista 
_Consulta dia 12/06 as 12:00 Dr Paula","Concluído","Atendimento médico em ubs clinico geral","WhatsApp","Principal","Secretaria de Saúde"
"46109","214474","2025-06-03 09:22:01","2025-06-03 09:22:01","2025-05-30","_Solicitou uma consulta com Ortopedista 
_Consulta dia 05/06 as 12;30 hs na Policlinica do Caic Dr Tiago 
_Vaga de desistência","Concluído","Atendimento médico em ubs clinico geral","WhatsApp","Principal","Secretaria de Saúde"
"46110","214476","2025-06-03 09:26:24","2025-06-03 09:27:37","2025-05-27","_Solicitou o pedido de uma receita médica pneumo 23 
_Pneumonia repetida por 3 vezes","Concluído","Atendimento médico em ubs clinico geral","Pessoal","Principal","Secretaria de Saúde"
"46114","214479","2025-06-03 09:42:10","2025-06-03 09:42:10","2025-06-02","_Solicitou uma consulta com Ortopedista para Maria Clara Silva Rosa
_Consulta dia 06/06 as 7hs na Policlinica do CAIC Dr João Paulo","Concluído","Atendimento médico em ubs clinico geral","WhatsApp","Principal","Secretaria de Saúde"
"46115","214480","2025-06-03 09:46:14","2025-06-03 09:46:14","2025-06-29","_Solicitou uma consulta com Ortopedista para Jaqueline Maria Cabral
_Mora no bairro União -problemas nas articulações
_Consulta dia 06/06 as 7hs na policlinica do CAIC Dr João Paulo","Concluído","Atendimento médico em ubs clinico geral","WhatsApp","Principal","Secretaria de Saúde"
"46157","214574","2025-06-04 09:44:23","2025-06-04 09:44:23","2025-06-02","_Solicitou atendimento médico 
_Consulta dia 10/06 as 8:30 planejamento familiar","Concluído","Atendimento médico em ubs clinico geral","WhatsApp","Principal","Secretaria de Saúde"
"46167","210751","2025-06-04 10:57:38","2025-06-04 10:57:38","2025-06-03","_Solicitou exames: Hemograma Completo,Glicemia Jejum,Ferro,Ferritina,Vitamina 12,Lipodema completo,Trigliceridios,
_Dia 04/06 das 6:30 as 8:00 Laboratorio Municipal","Concluído","Exames de sangue","WhatsApp","Principal","Secretaria de Saúde"
"46170","214607","2025-06-04 11:04:12","2025-06-04 11:04:12","2025-06-03","_Solicitou cesta básica e ajuda de inzenção nas contas de agua e luz,foi encaminhada para o CRAS Santa Terezinha","Concluído","Cestas Básicas","Pessoal","Principal","Ação Social"
"46271","214718","2025-06-06 08:07:58","2025-06-06 08:07:58","2025-05-15","_Solicitou ajuda com a cirurgia de catarata em ambos os olhhos com urgência
_Marly ","Concluído","Atendimento médico em ubs clinico geral","WhatsApp","Principal","Secretaria de Saúde"
"46274","214719","2025-06-06 08:27:40","2025-06-06 09:55:11","2025-06-04","_Solicitou o pedido de adiantamento raio x de coluna lombar AP e perfil
_Dor após queda
_Dia 05/06 no Hospital São Paulo","Concluído","Exames de sangue","WhatsApp","Principal","Secretaria de Saúde"
"46276","214720","2025-06-06 08:35:04","2025-06-06 08:35:04","2025-06-03","_Solicitou consulta médica com Dr Carla paciente gestante
_Consulta dia 12/06 as 7:00hs no VIva Vida","Concluído","Atendimento médico em ubs clinico geral","WhatsApp","Principal","Secretaria de Saúde"
"46277","214722","2025-06-06 08:40:21","2025-06-06 08:40:21","2025-05-30","_Solicitou sinalização de pintura na rua Vicente Ferreira N°60 em frente ao escadão do Dornelas","Concluído","Placas, Lombadas e Sinais","WhatsApp","Principal","Secretaria de Obras"
"46278","214723","2025-06-06 08:47:48","2025-06-06 08:47:48","2025-06-03","_Solicitou atendimento com Oftalmologista
_Consulta dia 26/06 as 12hs no Viva Vida Dr Paula","Concluído","Atendimento médico em ubs clinico geral","Pessoal","Principal","Secretaria de Saúde"
"46279","214246","2025-06-06 08:52:10","2025-07-04 09:29:48","2025-06-04","_Capina na Escola Municipal do Carmo Cerqueira Castro 
_Bairro Joanópolis
_Mato muito alto","Concluído","Limpeza","Pessoal","Principal","Secretaria de Obras"
"46283","214725","2025-06-06 08:57:36","2025-07-24 11:04:27","2025-06-04","_Solicitou tapa buraco na rua Lacyr Goulart Silva (beira rio)
_Indicação feita ao Demutram nº737","Concluído","Asfalto","WhatsApp","Principal","Secretaria de Obras"
"46288","212869","2025-06-06 09:53:45","2025-06-06 09:53:45","2025-06-03","_Limpeza da rua e capina 
_Rua Francisco Casceli Bairro Dornelas","Concluído","Limpeza","WhatsApp","Principal","Secretaria de Obras"
"46298","214738","2025-06-06 11:25:50","2025-06-06 11:25:50","2025-05-28","-Solicitou um par de redes para o campo de Itamuri e foi atendido pelo setor dev esportes","Concluído","Outros","WhatsApp","Principal","Secretaria de Esporte"
"46320","214750","2025-06-06 15:52:16","2025-06-06 15:52:16","2025-04-29","Precisa marcar um exame de Hemorrodectomia com urgência","em analise","Exames de sangue","WhatsApp","Principal","Secretaria de Saúde"
"46322","208177","2025-06-06 16:13:06","2025-06-06 16:13:06","2025-04-29","Precisa que a consulta em Juiz de Fora seja marcada mais rápida, pois o caso dele é urgente","em analise","Atendimento médico em ubs clinico geral","WhatsApp","Principal","Secretaria de Saúde"
"46325","214757","2025-06-06 16:24:11","2025-10-03 11:42:37","2025-05-28","Precisa de marcar retorno com a Doutora Renata Neurologista, está muito tempo aguardando","Concluído","Atendimento médico em ubs clinico geral","WhatsApp","Principal","Secretaria de Saúde"
"46390","208664","2025-06-09 16:29:22","2025-06-09 16:29:22","2025-06-09","Solicita café para as crianças que chegam de manhã da zona rural para estudar na Escola Municipal Elza Rogério
Munik já conversou com a Cristina e já alinhou com a diretora que terão o café para as crianças","Concluído","Merenda","WhatsApp","Principal","Secretaria de Educação"
"46392","214246","2025-06-09 16:38:22","2025-06-09 16:38:22","2025-06-07","Solicita que arrume o buraco na rua Presidente Kennedy que está vazando a rede esgoto pela rua
Solicitado ao Demsur para que seja feito o serviço
Demsur realizou o serviço e irá fazer o calçamento no dia 10/06
","Concluído","Saneamento, Água e Esgoto","WhatsApp","Principal","Secretaria de Serviços Urbanos"
"46534","215027","2025-06-12 15:51:47","2025-06-12 15:51:47","2025-06-09","Consulta com oftalmologista
Marcado para dia 15/07 às 7h","Concluído","Atendimento médico em ubs clinico geral","WhatsApp","Principal","Secretaria de Saúde"
"46535","215028","2025-06-12 15:58:38","2025-06-12 15:58:38","2025-06-09","Solicita cesta básica
Enviado mensagem para Fabiane realizar a visita","Concluído","Cestas Básicas","WhatsApp","Principal","Ação Social"
"46536","215029","2025-06-12 16:09:08","2025-06-12 16:09:08","2025-06-10","Consulta com Oftalmologista
Marcado para o dia 08/07 às 7h","Concluído","Atendimento médico em ubs clinico geral","WhatsApp","Principal","Secretaria de Saúde"
"46537","215032","2025-06-12 16:15:06","2025-06-12 16:15:06","2025-06-10","Solicita Cesta Básica
Solicitado visita domiciliar","Concluído","Cestas Básicas","WhatsApp","Principal","Ação Social"
"46542","215033","2025-06-12 16:36:52","2025-06-13 08:45:46","2025-06-11","Verificar os 3 postes apagados na entrada do bairro gaspar, próximo a pracinha
Já foi solicitado a Nadine","Concluído","Iluminação","WhatsApp","Principal","Secretaria de Serviços Urbanos"
"46552","215058","2025-06-13 10:56:28","2025-06-13 10:56:28","2025-06-09","_Solicitou atendimento médico psiquiatrico para Cristal Ferreira Souza","Concluído","Atendimento médico em ubs clinico geral","WhatsApp","Principal","Secretaria de Saúde"
"46560","215084","2025-06-13 15:04:06","2025-07-08 09:22:44","2025-06-09","Precisa de consulta com um ortopedista urgente, sentindo muita dor","Concluído","Atendimento médico em ubs clinico geral","WhatsApp","Principal","Secretaria de Saúde"
"46562","213466","2025-06-13 15:30:34","2025-06-18 15:28:08","2025-06-12","Arrumar a Rede de Esgoto em frente a casa dela.","Concluído","Saneamento, Água e Esgoto","WhatsApp","Principal","Secretaria de Serviços Urbanos"
"46563","211874","2025-06-13 15:35:45","2025-07-15 14:50:34","2025-06-12","Solicita limpeza no ribeirão da Vila Leite. Depois da última chuva, desceu muita bananeira e represou no ribeirão.","Concluído","Limpeza","WhatsApp","Principal","Secretaria de Serviços Urbanos"
"46564","215086","2025-06-13 15:41:30","2025-06-13 15:42:41","2025-06-12","Consulta com Dermatologista
Agendado para o dia 17/06 às 7h, por ordem de chegada","Concluído","Atendimento médico em ubs clinico geral","WhatsApp","Principal","Secretaria de Saúde"
"46571","214246","2025-06-16 08:51:27","2025-06-16 08:51:27","2025-06-06","_Foi feita indicação de asfaltamento na Rua José dos Santos Bairro União na BR 116 próximo ao KM 708 em frente a Sancar caminhões","aguardando execuçao","Asfalto","Pessoal","Principal","Secretaria de Obras"
"46630","215185","2025-06-16 16:41:14","2025-06-16 16:43:15","2025-06-16","Solicita que seja visto o ônibus que sai da Faminas 22h50min. que passe nos pontos e peguem os passageiros, pois, ela mora no Primavera e o ônibus não tem parado para levar ela embora depois do curso.
Munik fez reunião no Demutran com Drº Genir e Michel para regularizar o trajeto dos ônibus que sai da Faminas para pegar os passageiros que estão nos demais pontos para irem pra casa.
Foi aceito que todos os ônibus que saem neste horário da Faminas pegarâo os passageiros nos pontos para seus respectivos bairros.","Concluído","Outros","WhatsApp","Principal","Secretaria de Trânsito"
"46704","215235","2025-06-17 16:45:58","2025-07-08 11:46:56","2025-06-17","Solicita limpeza no buraco onde o gato morreu e, está saindo muito bicho, mosquito e mal cheiro.
Já foi solicitado ao Demsur a limpeza","Concluído","Limpeza","WhatsApp","Principal","Secretaria de Serviços Urbanos"
"46827","215289","2025-06-24 08:57:29","2025-06-24 08:57:29","2025-06-16","_Solicitou consulta com ginecologista 
_Dia 25/06 as 7hs na UBS Primavera","Concluído","Atendimento médico em ubs clinico geral","WhatsApp","Principal","Secretaria de Saúde"
"46828","215290","2025-06-24 08:59:39","2025-06-24 08:59:39","2025-06-16","_Solicitou atendimento com ginecologista
_Dia 25/06 as 7hs na UBS Primavera","Concluído","Atendimento médico em ubs clinico geral","WhatsApp","Principal","Secretaria de Saúde"
"46829","215291","2025-06-24 09:06:15","2025-06-24 09:06:15","2025-06-17","_Solicitou o restante do asfaltamento no final da rua de dificil acesso
_Rua Luiz Gonzaga Itamuri (final da rua)","aguardando execuçao","Asfalto","WhatsApp","Principal","Secretaria de Obras"
"46830","215292","2025-06-24 09:13:18","2025-06-24 09:13:18","2025-06-23","_Solicitou atendimento com oftalmologista
_Dia 10/07/2025 as 12hs Dr Paula Viva Vida","Concluído","Atendimento médico em ubs clinico geral","WhatsApp","Principal","Secretaria de Saúde"
"46867","207252","2025-06-25 08:10:46","2025-06-25 08:10:46","2025-06-23","_Paciente solicitou o pedido de mamografia na mama direita.
_Dia 25/.06/2025 as 12hs na Fundação Cristiano Varela
","Concluído","Exames de sangue","WhatsApp","Principal","Secretaria de Saúde"
"46868","215310","2025-06-25 08:39:08","2025-06-25 08:39:08","2025-06-23","_Solicitou ao Densur que arrumasse o registro de agua vazando agua","Concluído","Saneamento, Água e Esgoto","WhatsApp","Principal","Secretaria de Obras"
"46870","215312","2025-06-25 08:53:41","2025-06-25 08:53:41","2025-06-23","_Moradora solicitou que arrumasse a capela do cemitério, (troca de forros, parte elétrica)","Concluído","Outros","WhatsApp","Principal","Secretaria de Obras"
"46935","215359","2025-06-26 11:14:26","2025-07-02 10:58:22","2025-06-24","_Solicitou iluminação na Rua 7 de Setembro (poste apagado)","Concluído","Iluminação","WhatsApp","Principal","Secretaria de Obras"
"46937","215362","2025-06-26 11:27:05","2025-07-02 10:58:04","2025-06-23","_Pastora solicitou ajuda de refrigerantes para evento na igreja 30 reais","Concluído","Outros","WhatsApp","Principal","Secretaria do Lazer"
"48381","217172","2025-07-31 13:35:22","2025-07-31 13:35:22","2025-07-30","Solicita cesta básica, pois paga aluguel e toma conta da mãe que compra muitos remédios caros.
Foi passado para o Cras realizar a visita","Concluído","Cestas Básicas","WhatsApp","Principal","Ação Social"
"47124","212377","2025-07-02 11:14:17","2025-07-02 11:14:17","2025-06-20","_Solicitou que passase máquina na estrada com dificil acesso
_Vila Santa Rita
_Já foi feito o requerimento","aguardando execuçao","Limpeza","WhatsApp","Principal","Secretaria de Obras"
"47125","214798","2025-07-02 11:18:54","2025-07-02 11:18:54","2025-05-20","_Solicitou a respeito da van que foi cortada do SESC algumas mães reclamando
_Estão indo de ônibus da saúde,a van só para deficientes","Concluído","Transportes solicitacao de viagens ","WhatsApp","Principal","Secretaria de Saúde"
"47126","215512","2025-07-02 11:25:44","2025-07-02 11:25:44","2025-05-20","_Solicitou recapamento asfaltico na rua 
_Bairro Santo Antônio","Concluído","Asfalto","WhatsApp","Principal","Secretaria de Obras"
"47127","215513","2025-07-02 11:32:25","2025-07-02 11:32:25","2025-05-20","_Foi feita atendimento com assistente social 
_Foi entregue a cesta básica","Concluído","Cestas Básicas","WhatsApp","Principal","Ação Social"
"47130","214757","2025-07-02 11:50:14","2025-07-22 10:26:55","2025-05-20","_Solicitou falta de atendimento no SESC sem TO e sem Fono
_Foi verificado e está contratando novos funcionários","Concluído","Atendimento médico em ubs clinico geral","WhatsApp","Principal","Secretaria de Saúde"
"47158","215525","2025-07-03 08:32:36","2025-07-03 08:32:36","2025-05-20","_Solicitou que adiantasse o exame com urgência
","Concluído","Exames de sangue","WhatsApp","Principal","Secretaria de Saúde"
"47159","215526","2025-07-03 08:36:56","2025-07-03 08:36:56","2025-05-20","_Solicitou que fisesse uma fiscalização na UBS Bairro Joanópolis, foi feita e estamos resolvendo os problemas.","Concluído","Outros","WhatsApp","Principal","Secretaria de Saúde"
"47160","215527","2025-07-03 08:42:38","2025-07-03 08:42:38","2025-05-20","_Solicitou que desse uma atenção para as crianças que fazem tratamento no SESC e precisa da van 
_Foi verificado e a criança está indo de van","Concluído","Transportes solicitacao de viagens ","Pessoal","Principal","Secretaria de Saúde"
"47161","215528","2025-07-03 08:56:11","2025-07-03 08:56:11","2025-05-20","_Solicitou o pedido de marcapasso 
_Foi feita a cirurgia dia 20/06/2025","Concluído","Atendimento médico em ubs clinico geral","WhatsApp","Principal","Secretaria de Saúde"
"47162","215529","2025-07-03 09:00:21","2025-07-03 09:00:21","2025-05-20","_Solicitou que marcasse utrassom (Já foi feito)
_Solicitou mamografia (Já marcou)","Concluído","Exames de sangue","WhatsApp","Principal","Secretaria de Saúde"
"47164","215530","2025-07-03 09:06:22","2025-07-03 09:06:22","2025-05-21","_Fez o pedido de doação para festa da Escola Estela Fidelis Aeroporto
_Foi feito pix 30,00 reais","Concluído","Outros","WhatsApp","Principal","Secretaria do Lazer"
"47165","215535","2025-07-03 10:15:36","2025-07-03 10:15:36","2025-07-22","_Solicitou que trocasse as lampadas queimadas dos postes das seguintes ruas
_Rua São Judas Tadeu N°08
_Rua Elísio Firmino da Costa 
_Bairro Gaspar","Concluído","Iluminação","WhatsApp","Principal","Secretaria de Obras"
"47167","215537","2025-07-03 10:20:12","2025-07-03 10:20:12","2025-05-22","_Solicitou o pedido de lavar a rua (rua em obra muita poeira)
foi feita a limpeza da rua","Concluído","Limpeza","WhatsApp","Principal","Secretaria de Serviços Urbanos"
"47168","215538","2025-07-03 10:30:59","2025-07-03 10:30:59","2025-05-22","_Solicitou que fisesse uma visita na escola do CAIC, escola boa mas precisa de uns reajustes 
_Foi feita a visita e passada para os órgãos responsáveis para resolverem os problemas","Concluído","Instalação de Creches e Escolas","WhatsApp","Principal","Secretaria de Educação"
"47169","215539","2025-07-03 10:41:01","2025-07-03 10:41:01","2025-05-22","_Solicitou consulta médica foi marcada para o dia 22/05/25 as 13:00hs UBS Dr Rebeca","Concluído","Atendimento médico em ubs clinico geral","WhatsApp","Principal","Secretaria de Saúde"
"47172","214101","2025-07-03 10:51:08","2025-07-03 10:51:08","2025-05-22","_Solicitou que fizesse uma visita no hospital,estava internado esperando para fazer uma cirurgia no Fêmur
_Foi feita a visita e feita a cirurgia","Concluído","Atendimento médico em ubs clinico geral","WhatsApp","Principal","Secretaria de Saúde"
"47173","213905","2025-07-03 10:55:24","2025-07-03 10:55:24","2025-05-23","_Solicitou o pedido de uma vaga no CTI para seu avô Josias Pulino Carneiro DN 24/05/1941
_Foi transferido para o CTI","Concluído","Atendimento médico em ubs clinico geral","WhatsApp","Principal","Secretaria de Saúde"
"47174","215312","2025-07-03 10:58:49","2025-07-03 10:58:49","2025-05-23","_Pediu doação para festa da igreja em Itamuri
_Foi doado pix de 30,00 reais","Concluído","Outros","WhatsApp","Principal","Secretaria do Lazer"
"47176","215544","2025-07-03 11:04:37","2025-07-03 11:04:37","2025-05-23","_Solicitou o pedido de cesta básica foi encaminhado para o CRAS e feito o atendimento","Concluído","Cestas Básicas","WhatsApp","Principal","Ação Social"
"47178","215549","2025-07-03 11:15:43","2025-07-03 11:15:43","2025-05-26","_Solicitou o pedido que arrumasse a estrada do Sítio do Fundão e as trocas de manilhas 5 manilhas estradas de difícil acesso
_Solicitou a troca de 5 manilhas Fazenda da Onça Do Sr Zezinho Galdino
_Foi feita indicação e aporovada no dia 26/05/2025","aguardando execuçao","Outros","Pessoal","Principal","Secretaria de Obras"
"47180","215559","2025-07-03 11:23:28","2025-07-03 11:23:28","2025-05-26","_Solicitou que adiantasse o atendimento médico para Davi Luiz Motta
_Foi marcado para o dia 28/05/2025 as 13hs no CAPS Dr Humberto","Concluído","Atendimento médico em ubs clinico geral","WhatsApp","Principal","Secretaria de Saúde"
"47181","213307","2025-07-03 11:42:42","2025-07-03 11:42:42","2025-05-26","_Solicitou que fisesse uma visita no distrito de Macuco para ver a respeito da capela mortuária
_Foi macada a visita para o dia 03/07/2025","Concluído","Patrocínio Cultural","WhatsApp","Principal","Secretaria de Obras"
"47182","215579","2025-07-03 11:52:32","2025-07-03 11:52:32","2025-05-27","_Solicitou que o cata treco passase para pegar entulhos foi encaminhado para os responsáveis e realizado na mesma semana","Concluído","Limpeza","WhatsApp","Principal","Secretaria de Obras"
"47185","215586","2025-07-03 11:56:54","2025-07-03 11:56:54","2025-05-27","_Foi feita uma indicação para troca de materias da policlinica do CAIC como (cadeira, pintura, arquivo ,mesa) materias sem condições de uso","aguardando execuçao","Outros","Pessoal","Principal","Secretaria de Obras"
"47186","215597","2025-07-03 12:03:37","2025-07-03 12:03:37","2025-05-28","_Moradores reclamando de muito rato na parte de trás da rua
_Foi passado para os responsáveis e feita a detização","Concluído","Limpeza","WhatsApp","Principal","Secretaria de Serviços Urbanos"
"47187","215601","2025-07-03 12:08:26","2025-07-03 12:08:26","2025-05-28","_Solicitou tapa buraco na rua toda 
_Foi feita indicação do recapeamento da rua","aguardando execuçao","Asfalto","WhatsApp","Principal","Secretaria de Obras"
"47188","213607","2025-07-03 12:13:44","2025-07-03 12:13:44","2025-05-28","_Solicitou que ajudasse ela no auxilio funeral que estava em aberto,foi passado para o órgão responsavel e feito dia 02/06/2025","Concluído","Auxilio Doença","WhatsApp","Principal","Secretaria de Administração"
"47191","215607","2025-07-03 12:20:52","2025-07-03 12:20:52","2025-05-29","_Fez o pedido de doação de leite para uma criança do bairro
_Consegui uma lata de leite","Concluído","Outros","WhatsApp","Principal","Ação Social"
"47192","207205","2025-07-03 12:25:37","2025-07-03 12:25:37","2025-05-29","_Solicitou uma consulta médica com oftalmologista 
_Consulta dia 12/06/2025 as 12:00hs no Viva Vida Dr Paula","Concluído","Atendimento médico em ubs clinico geral","WhatsApp","Principal","Secretaria de Saúde"
"47194","210303","2025-07-03 12:33:29","2025-07-03 12:33:29","2025-05-30","_Foi feito o pedido de cesta básica e foi passado para o CRAS responsável
_Dilza Avila Da Cunha Fonseca
_Rua Semeão Feres 430 Bairro Safira","Concluído","Cestas Básicas","WhatsApp","Principal","Ação Social"
"47197","215616","2025-07-03 12:39:14","2025-07-03 12:39:14","2025-06-02","_Pediu pra fiscalizar as podas de arvores com excesso no Bela vista
_Foi fiscalizado mas não teve como multar o responsável (falta de provas fio das câmeras cortados)","Concluído","Poda de Árvore","WhatsApp","Principal","Secretaria do Meio Ambiente"
"47202","212377","2025-07-03 13:36:11","2025-07-15 14:46:56","2025-07-02","Solicita que seja feita o corte e retirada do bambu que caiu na estrada da entrada que dá acesso ao via parque.
Já foi solicitado e será retirado no dia 03/07","Concluído","Poda de Árvore","WhatsApp","Principal","Secretaria de Obras"
"47211","215658","2025-07-03 15:45:26","2025-07-03 15:45:26","2025-06-02","Solicita caminhão cata treco na Vila Leite
Realizado a coleta","Concluído","Limpeza","WhatsApp","Principal","Secretaria de Serviços Urbanos"
"47213","215661","2025-07-03 15:57:03","2025-07-03 15:57:03","2025-07-03","Solicita exame oftalmologista
Exame marcado para o dia 30/06 ás 12h Doutora Laís","Concluído","Exames de sangue","WhatsApp","Principal","Secretaria de Saúde"
"47218","215668","2025-07-03 16:32:44","2025-07-03 16:32:44","2025-06-03","Consulta com Urologista
Marcado para dia 03/06 ás 14h UBS Dornelas","Concluído","Atendimento médico em ubs clinico geral","WhatsApp","Principal","Secretaria de Saúde"
"47219","215669","2025-07-03 16:39:28","2025-07-03 16:39:28","2025-07-03","Pede ajuda para o filho que quebrou o braço","Concluído","Atendimento médico em ubs clinico geral","WhatsApp","Principal","Secretaria de Saúde"
"47221","215672","2025-07-04 09:23:00","2025-07-04 09:23:00","2025-06-04","_Solicitou iluminação nos postes perto do túnel do Dornelas 
_Foi passado para os responsáveis e serviço feito","Concluído","Iluminação","WhatsApp","Principal","Secretaria de Obras"
"47222","215673","2025-07-04 09:28:05","2025-07-04 09:28:05","2025-06-04","_Solicitou o pedido de marcação de ezames para sua esposa
_Ultrassonografia mamaria bilateral (nódulo em mama direita no quadrante inferior medial)
_Fabiana De Paula Silva DN 13/03/1987","aguardando execuçao","Exames de sangue","WhatsApp","Principal","Secretaria de Saúde"
"47223","214246","2025-07-04 09:38:24","2025-07-04 09:38:24","2025-06-04","_Os moradores solicitaram a possibilidade de colocar mini postes no CRAS de Itamuri devido o lugar muito escuro 
_Foi pedido os responsáveis e feito o serviço","Concluído","Iluminação","WhatsApp","Principal","Secretaria de Obras"
"47224","207166","2025-07-04 09:42:45","2025-07-04 09:42:45","2025-06-05","_Solicitou que marcasse os exames do Paulo César 
_Exames para fazer a vasectomia","Concluído","Exames de sangue","WhatsApp","Principal","Secretaria de Obras"
"47225","215674","2025-07-04 09:46:30","2025-07-04 09:46:30","2025-06-05","_Mãe solicitou uma consulta Fonodiologa está esperando faz tempo na fila da junta","aguardando execuçao","Atendimento médico em ubs clinico geral","WhatsApp","Principal","Secretaria de Saúde"
"47226","214246","2025-07-04 09:52:50","2025-07-04 09:52:50","2025-06-05","_Fez doação para compra de fraldas para uma irmã da igreja 
_Dinheiro entregue a pastora 60,00","Concluído","Outros","WhatsApp","Principal","Ação Social"
"47227","215680","2025-07-04 09:59:52","2025-08-15 15:48:07","2025-06-06","_Solicitou que marcasse fisioterapia 
_Vai marcar na faminas","Concluído","Atendimento médico em ubs clinico geral","WhatsApp","Principal","Secretaria de Saúde"
"47229","215685","2025-07-04 10:10:13","2025-07-04 10:10:13","2025-06-09","_Foi feita uma moção de congratulação e aplausos para ele dia 16/06/2025","Concluído","Outros","WhatsApp","Principal","Secretaria de Cultura"
"47231","215723","2025-07-04 11:13:06","2025-07-04 11:13:06","2025-06-10","_Solicitou o pedido de cesta básica foi passado para o CRAS responsável e atendido
_Rua Pedro Inácio De Medeiros N°410 Vermelho","Concluído","Cestas Básicas","WhatsApp","Principal","Ação Social"
"47233","215726","2025-07-04 11:18:41","2025-07-04 11:18:41","2025-06-10","_Solicitou consulta com Oftalmologista
_Consulta dia 08/07/2025 as 7h no Viva Vida","Concluído","Atendimento médico em ubs clinico geral","WhatsApp","Principal","Secretaria de Saúde"
"47238","215742","2025-07-04 11:45:01","2025-07-04 11:45:01","2025-06-10","_Solicitou uma consulta com Reumatologista 
_Consulta dia 03/07/2025 UBS São Francisco Dr Livia","Concluído","Atendimento médico em ubs clinico geral","WhatsApp","Principal","Secretaria de Saúde"
"47280","215819","2025-07-04 16:22:20","2025-07-04 16:22:20","2025-05-26","Ajuda na marcação da consulta de sua prima que está com 3 nódulos na cabeça e no pulmão
Foi realizado consulta dia 10/06","Concluído","Atendimento médico em ubs clinico geral","WhatsApp","Principal","Secretaria de Saúde"
"47283","215820","2025-07-04 16:32:18","2025-07-04 16:32:18","2025-05-26","Solicita que passe o carro do fumacê no Bairro Patrimônio
Foi solicitado para o setor de vigilância ambiental","Concluído","Outros","WhatsApp","Principal","Secretaria do Meio Ambiente"
"47343","214246","2025-07-08 08:26:41","2025-07-08 08:26:41","2025-05-30","_Moradores solicitou que arrumasse a estrada de Itamuri que vai até F2 estrada de chão muito ruim mais ou menos 3km","aguardando execuçao","Asfalto","WhatsApp","Principal","Secretaria de Obras"
"47344","214246","2025-07-08 08:29:15","2025-07-15 14:44:27","2025-05-30","_Solicitou aos orgãos responsáveis que colocasse minis postes no escadão da 7 de Setembro para melhor atender os que precisam de usar
Já foi solicitado a Nadine","aguardando execuçao","Iluminação","Pessoal","Principal","Secretaria de Obras"
"47345","215897","2025-07-08 08:34:19","2025-07-08 08:34:19","2025-06-02","_Solicitou um atendimento para Gilmar que está com uma ferida na perna, foi marcado um atendimento na UBS para avaliar o que possa ser","Concluído","Atendimento médico em ubs clinico geral","WhatsApp","Principal","Secretaria de Saúde"
"47347","215898","2025-07-08 08:51:28","2025-07-08 08:51:28","2025-06-09","_Solicitou que fosse no HSP para verificar o motivo que não tinha feita a cirurgia do esposo devido a urgência do acidente 
_Foi feita a visita no mesmo dia e feita a cirurgia","Concluído","Atendimento médico em ubs clinico geral","WhatsApp","Principal","Secretaria de Saúde"
"47350","211963","2025-07-08 09:01:05","2025-07-08 09:01:05","2025-06-11","_Solicitou um pedido de consulta mastologia
_Consulta dia 14/07/2025 as 8hs no ambulatorio","Concluído","Atendimento médico em ubs clinico geral","WhatsApp","Principal","Secretaria de Saúde"
"47352","214246","2025-07-08 09:05:05","2025-07-08 09:05:05","2025-06-11","_Foi feita uma visita no distrito de Macuco onde relataram a falta de medicamentos no posto,foi passado ao setor responsável e resolvido o problema
_Dia 07/07/2025 foram todos avisados","Concluído","Medicamentos","Pessoal","Principal","Secretaria de Saúde"
"47353","214243","2025-07-08 09:08:13","2025-07-08 09:08:13","2025-06-11","_Solicitou poda de arvores em frente sua casa,arvores muito alta atrapalhando os fios
_Rua Dom pedro 1 N°08 Bairro Gaspar","aguardando execuçao","Limpeza","WhatsApp","Principal","Secretaria de Serviços Urbanos"
"47355","214246","2025-07-08 09:12:24","2025-07-08 09:12:24","2025-06-11","_Irilanda pediu ajuda para pagar conta de agua de uma pessoa que não tinha condições,contas atrasadas
_Foi feito o pagamento 103,00 reais","Concluído","Outros","WhatsApp","Principal","Secretaria de Serviços Urbanos"
"47357","215903","2025-07-08 09:19:01","2025-07-08 09:19:01","2025-06-11","_Solicitou que ajudasse na cirurgia de catarata já está na fila","aguardando execuçao","Atendimento médico em ubs clinico geral","WhatsApp","Principal","Secretaria de Saúde"
"47359","215905","2025-07-08 09:32:04","2025-07-08 09:32:04","2025-06-12","_Solicitou que fizesse a limpeza do ribeirão da vila leita Bairro Santa Luzia
_Foi realizada a limpeza ","Concluído","Limpeza","WhatsApp","Principal","Secretaria de Serviços Urbanos"
"47360","212413","2025-07-08 09:35:18","2025-07-08 09:35:18","2025-06-13","-Solicitou um retorno com DR Enio para marcar cirurgia foi feita a consulta e cirurgia marcada para o dia 10/07/2025  HSP Dr Enio","Concluído","Atendimento médico em ubs clinico geral","WhatsApp","Principal","Secretaria de Saúde"
"47361","215906","2025-07-08 09:39:42","2025-07-08 09:39:42","2025-06-13","_Solicitou uma consulta com Psicologo já está na fila","aguardando execuçao","Atendimento médico em ubs clinico geral","WhatsApp","Principal","Secretaria de Saúde"
"47362","215907","2025-07-08 09:45:40","2025-07-08 09:45:40","2025-06-13","_Solicitou consulta com Psicologo,já está na fila","aguardando execuçao","Atendimento médico em ubs clinico geral","WhatsApp","Principal","Secretaria de Saúde"
"47363","207115","2025-07-08 09:50:01","2025-07-08 09:50:01","2025-06-16","_Solicitou que adiantasse a consulta com urgencia foi adiantada para o dia 17/06/2025 as 13hs na UBS São Franciso Dr Livia","Concluído","Atendimento médico em ubs clinico geral","WhatsApp","Principal","Secretaria de Saúde"
"47367","215910","2025-07-08 09:56:29","2025-07-08 09:56:29","2025-06-16","_Solicitou atendimento com dentista foi marcado no mesmo dia 16/06 as 13hs na UBS Gaspar","Concluído","Atendimento médico em ubs clinico geral","WhatsApp","Principal","Secretaria de Saúde"
"47370","215898","2025-07-08 09:59:01","2025-07-08 09:59:01","2025-06-16","_Saber como faz para dá entrada na pensão foi repassado para ir no INSS com todos documentos e resolvido","Concluído","Auxilio Doença","WhatsApp","Principal","Secretaria de Administração"
"47374","215911","2025-07-08 10:05:23","2025-07-08 10:05:23","2025-06-16","_Solicitou o pedido de uma visita na casa do seu irmão que está em condições vulneraveis 
_Foi passado para os orgãos responsaveis","Concluído","Outros","WhatsApp","Principal","Ação Social"
"47375","208490","2025-07-08 10:09:58","2025-07-08 10:09:58","2025-06-16","_Solicitou atendimento Gastro foi macado para o dia 16/06/2025 as 12:30 Dr Josiane","Concluído","Atendimento médico em ubs clinico geral","WhatsApp","Principal","Secretaria de Saúde"
"47377","214241","2025-07-08 10:14:51","2025-07-22 10:25:12","2025-06-16","_Solicitou médico para cirurgia de Fimose para o filho
_Foi passado como faz para da entrada","Concluído","Atendimento médico em ubs clinico geral","WhatsApp","Principal","Secretaria de Saúde"
"47380","215914","2025-07-08 10:18:55","2025-07-08 10:18:55","2025-06-17","_Solicitou que fizesse a vistoria na sua residência que foi atingida pela queda da rua 1 de Maio","aguardando execuçao","Moradia","WhatsApp","Principal","Secretaria de Obras"
"47384","215916","2025-07-08 10:26:16","2025-07-08 10:26:16","2025-06-17","-Solicitou que adiantasse os seguintes exames
_Ultrassonografia mamaria bilateral
_Ultrassonografia transvaginal","aguardando execuçao","Exames de sangue","WhatsApp","Principal","Secretaria de Saúde"
"47396","215934","2025-07-08 11:28:59","2025-07-08 11:28:59","2025-06-17","_Solicitou consulta Psiquiatra para o sogro 
_Dr Guilherme","aguardando execuçao","Atendimento médico em ubs clinico geral","WhatsApp","Principal","Secretaria de Saúde"
"47397","215935","2025-07-08 11:33:48","2025-07-08 11:33:48","2025-06-17","_Solicitou que havia postes apagados na Br Próximo ao Bairro Marambaia, foi encaminhado aos responsaveis e atendido o pedido","Concluído","Iluminação","WhatsApp","Principal","Secretaria de Serviços Urbanos"
"47398","215936","2025-07-08 11:36:55","2025-07-08 11:36:55","2025-06-17","_Quer saber se tem politicas públicas para idoso aqui em Muriaé
_Foi direcionado pra ela que tem sim o CCI na praça João Pinheiro Centro da cidade","Concluído","Outros","WhatsApp","Principal","Secretaria de Cultura"
"47399","215937","2025-07-08 11:42:02","2025-07-08 11:42:02","2025-06-17","_Solicitou que adiantasse a ressonância ombro direito com urgência muita dor ","aguardando execuçao","Exames de sangue","WhatsApp","Principal","Secretaria de Saúde"
"47400","212976","2025-07-08 11:44:58","2025-07-08 11:44:58","2025-06-17","_Solicitou a retirada de entulhos da sua porta, foi passado para empreiteira que retirasse","Concluído","Outros","WhatsApp","Principal","Secretaria de Obras"
"47401","206719","2025-07-08 11:52:05","2025-07-08 11:52:05","2025-06-17","_Saber a respeito do remédio para parar de fumar sr Manoel ","aguardando execuçao","Atendimento médico em ubs clinico geral","WhatsApp","Principal","Secretaria de Saúde"
"47403","210588","2025-07-08 11:56:23","2025-07-08 11:56:23","2025-06-18","_Solicitou uma receita médica medicamento uso continuo, foi passado para o médico e feita a receita
_Carbanazepina de 20mg/ml","Concluído","Atendimento médico em ubs clinico geral","WhatsApp","Principal","Secretaria de Saúde"
"47404","214246","2025-07-08 12:02:19","2025-07-08 12:02:19","2025-06-23","_Solicitou a construção da capela mortuária e a concretagem do morro do Macuco
_Indicação feita aos responsaveis e obra começou dia 07/07/2025","aguardando execuçao","Outros","Pessoal","Principal","Secretaria de Obras"
"47406","215950","2025-07-08 12:09:38","2025-07-08 12:09:38","2025-06-23","_Solicitou que verificasse a cirurgia de varizes devido a espera na fila e muita dor nas pernas,
_Foi marcado para o dia 27/06/2025 e desmarcou na hora que a paciente chegou","Concluído","Atendimento médico em ubs clinico geral","WhatsApp","Principal","Secretaria de Saúde"
"47408","215954","2025-07-08 12:14:09","2025-07-08 12:14:09","2025-06-23","_Exame de orelhinha
_Está na fila na cisleste pra ser chamada","aguardando execuçao","Exames de sangue","WhatsApp","Principal","Secretaria de Saúde"
"47411","206838","2025-07-08 12:17:08","2025-07-08 12:17:08","2025-06-23","_Postes apagados na vila Santa Rita foi passado para os responsáveis e arrumado no mesmo dia","Concluído","Iluminação","Pessoal","Principal","Secretaria de Obras"
"47413","206671","2025-07-08 12:23:38","2025-07-24 10:25:09","2025-06-24","_Solicitou que o Demsur arrumasse o serviço em frente ao N°43 rua 7 de Setembro Bairro Gaspar
Foi solicitado ao Demsur novamente dia 21/08 para verificar a obra","aguardando execuçao","Asfalto","WhatsApp","Principal","Secretaria de Obras"
"47417","211753","2025-07-08 13:18:45","2026-01-12 10:43:26","2025-06-25","Se tem como ajudar a marcar a operação de ernia do Gustavo mais rápido","aguardando execuçao","Atendimento médico em ubs clinico geral","WhatsApp","Principal","Secretaria de Saúde"
"47423","215995","2025-07-08 13:49:00","2025-07-08 13:49:00","2025-06-26","Marcar oftalmologista 
marcado dia 11/07 ás 12h","Concluído","Exames de sangue","WhatsApp","Principal","Secretaria de Saúde"
"47424","216010","2025-07-08 15:00:58","2025-07-08 15:00:58","2025-06-26","Ajuda na regularização referente a divergência de nome de rua no distrito de Vermelho (bairro José Eduardo)
Foi informada para ir na prefeitura, pedir no protocolo para fazer um processo no cadastro econômico, pedir certidão de endereço e levar na energisa trocar pra você.","Concluído","Outros","WhatsApp","Principal","Secretaria de Administração"
"47428","214246","2025-07-08 16:21:03","2025-07-08 16:21:03","2025-06-26","Pedir para arrumar poste apagado na Rua Isaldino de Abreu nº 350 Planalto
Solicitado a Nadine para realizar a manutenção","Concluído","Iluminação","WhatsApp","Principal","Secretaria de Serviços Urbanos"
"47429","214246","2025-07-08 16:29:05","2025-07-15 14:42:35","2025-06-30","Solicita lixeiras para pracinha da parte alta do gaspar
Éder vai colocar
Foi realizado indicação ","Concluído","Limpeza","WhatsApp","Principal","Secretaria de Serviços Urbanos"
"47435","214246","2025-07-09 08:21:35","2025-07-09 08:21:35","2025-06-30","_Fez indicação de cronogramas médicos e atendimentos
_Foi feita indicação","Concluído","Outros","WhatsApp","Principal","Secretaria de Saúde"
"47436","214246","2025-07-09 08:24:49","2025-07-09 08:24:49","2025-06-30","_Fez indicação ao setor do Demsur para arrumar o portão e os refletores da caixa d agua Rua Rosely Fitelman Bairro Gaspar ","aguardando execuçao","Outros","Pessoal","Principal","Secretaria de Serviços Urbanos"
"47437","214246","2025-07-09 08:28:26","2025-07-22 10:18:33","2025-06-30","_Solicitou que fisseze a desratização da rua 7 de Setembro rua toda moradores reclamando de muitos ratos e insetos peçonhetos ","Concluído","Limpeza","WhatsApp","Principal","Secretaria de Serviços Urbanos"
"47438","216038","2025-07-09 08:34:36","2025-07-09 08:34:36","2025-06-30","_Solicitou que colocasse placas de sinalização na rua devido o fluxo de carros
_Foi feita indicação e passado para os responsáveis
_Rua São José em frente ao N°33 Bairro Napoleão","aguardando execuçao","Outros","WhatsApp","Principal","Secretaria de Serviços Urbanos"
"47439","214246","2025-07-09 08:38:00","2025-07-09 08:38:00","2025-06-30","_Solicitou que arrumasse 4 postes da Rua Konstantino Gramatikopolos
_Foi passado para os responsáveis e resolvido no mesmo dia","Concluído","Iluminação","Pessoal","Principal","Secretaria de Serviços Urbanos"
"47441","216040","2025-07-09 09:00:20","2025-07-09 09:00:20","2025-07-01","_Entrou em contato para pedir a transferência do HSP para o hospital de Juiz de Fora 
_Fez a transferência da sua acompanhante para Muriaé 
_Fez a transferência da mãe e da nene","Concluído","Outros","WhatsApp","Principal","Secretaria de Saúde"
"47442","213477","2025-07-09 09:05:37","2025-07-09 09:05:37","2025-07-01","_Solicitou que sua cachorra precisava de atendimento veterinario para fazer exame
_Foi levada ao castra móvel para o atendimento","Concluído","Atendimento médico em ubs clinico geral","WhatsApp","Principal","Secretaria de Saúde"
"47443","216041","2025-07-09 09:09:35","2025-07-09 09:09:35","2025-06-30","_Precisa fazer uma cirurgia de vesícula já está na fila 
_OBS: é uma criança","aguardando execuçao","Atendimento médico em ubs clinico geral","WhatsApp","Principal","Secretaria de Saúde"
"47444","216042","2025-07-09 09:17:11","2025-07-17 11:19:04","2025-06-25","_Solicitou que marcasse os seguintes exames
_Endoscopia digestiva alta Biopsia
_","Concluído","Exames de sangue","WhatsApp","Principal","Secretaria de Saúde"
"47445","216043","2025-07-09 09:21:49","2025-07-09 09:21:49","2025-06-20","_Solicitou o pedido de RNM do Crânio paciente está na fila e precisa fazer com urgência","aguardando execuçao","Exames de sangue","WhatsApp","Principal","Secretaria de Saúde"
"47446","214246","2025-07-09 09:24:35","2025-07-09 09:24:35","2025-05-20","_Solicitou que arrumasse o poste da rua 1 de Maio Bairra Gaspar onde caiu a roela do fio de alta tensão e 2 rondania foi passado para os responsáveis e feito o serviço","Concluído","Iluminação","Pessoal","Principal","Secretaria de Obras"
"47447","216044","2025-07-09 09:27:58","2025-07-09 09:27:58","2025-05-26","_Paciente precisa fazer cirurgia de vesicula já está na fila","aguardando execuçao","Atendimento médico em ubs clinico geral","WhatsApp","Principal","Secretaria de Saúde"
"47448","216045","2025-07-09 09:33:12","2025-07-09 09:33:12","2025-05-30","_Paciente precisa fazer cirurgia de AIH/ Catarata/Pterígio já está na fila","aguardando execuçao","Atendimento médico em ubs clinico geral","WhatsApp","Principal","Secretaria de Saúde"
"47449","216046","2025-07-09 09:38:45","2025-07-09 09:38:45","2025-06-02","_Solicitou redutores de velocidades (Sonorarização) rua com muito fluxo de carros
_Foi passado para os rensponsáveis e começado as demarcações das placas no bairro","Concluído","Outros","WhatsApp","Principal","Secretaria de Obras"
"47450","216047","2025-07-09 09:46:15","2025-07-09 09:46:15","2025-07-02","_Solicitou que o caminhão nde cata treco passase na rua muito entulho na calçada foi feito o pedido aos responsáveis e efetuado o serviço na rua","Concluído","Outros","WhatsApp","Principal","Secretaria de Obras"
"47452","212869","2025-07-09 09:49:48","2025-07-09 09:49:48","2025-07-02","_Solicitou que fizesse o velório da sua mãe foi passado para os responsáveis e feito","Concluído","Outros","WhatsApp","Principal","Ação Social"
"47455","216049","2025-07-09 10:53:51","2025-07-09 10:53:51","2025-07-02","_Solicitou que marcasse os exames de sangue 
_Foi marcado para o dia 04/07/2025 as 6:30 até as 8:00 no laboratório municipal","Concluído","Exames de sangue","WhatsApp","Principal","Secretaria de Saúde"
"47457","216050","2025-07-09 11:05:56","2025-07-09 11:05:56","2025-07-09","_Paciente precisa de consulta com Dr Wilson Batista para mostrar exames, foi marcada para o dia 21/07/2025 as 8:00 no ambulatorio por ordem de chegada","Concluído","Atendimento médico em ubs clinico geral","Pessoal","Principal","Secretaria de Saúde"
"47459","212900","2025-07-09 11:13:42","2025-07-17 10:48:09","2025-07-09","_Paciente precisa fazer RNM de membro inferior (unilateral) com urgência pericia marcada","Concluído","Exames de sangue","WhatsApp","Principal","Secretaria de Saúde"
"47461","216051","2025-07-09 11:21:18","2025-07-09 11:21:18","2025-07-07","_Paciente precisava de uma consulta com urgência e foi para vaga de desistência
_Consulta dia 08/072015 ás 6:00 hs na Policlinica Santa Terezinha Dr Thais ","Concluído","Atendimento médico em ubs clinico geral","WhatsApp","Principal","Secretaria de Saúde"
"47473","216056","2025-07-09 12:00:38","2025-07-09 12:00:38","2025-07-09","_Solicitou mini postes na Rua Francisco Antenor De Paula Bairro Gaspar, rua muito escura dificil acesso para os moradores","aguardando execuçao","Iluminação","WhatsApp","Principal","Secretaria de Obras"
"47475","211023","2025-07-09 12:11:00","2025-07-09 12:11:00","2025-07-02","_Pciente precisa de consulta 
_Foi marcada no mesmo dia UBS Gaspar Dr Rebeca as 13:00","Concluído","Atendimento médico em ubs clinico geral","WhatsApp","Principal","Secretaria de Saúde"
"47477","216057","2025-07-09 12:23:34","2025-07-09 12:23:34","2025-06-16","_Fez o pedido de transporte para o campeonato Taekwondo dia 30/08/2025
_Foi feito o pedido na secretaria de educação e será levado as crianças do projeto","Concluído","Transportes solicitacao de viagens ","WhatsApp","Principal","Secretaria de Transporte"
"47478","211435","2025-07-09 12:27:17","2025-07-15 10:39:47","2025-07-08","_Solicitou que fizesse a limpeza da rua retirar os matos 
_Foi passado aos responsáveis e feita aretirada 09/07/2025","Concluído","Limpeza","WhatsApp","Principal","Secretaria de Obras"
"47483","214246","2025-07-09 14:17:34","2025-07-15 14:35:11","2025-07-08","Verificar os postes apagados da entrada do gaspar na pracinha, do Pedro da Roda até oficina do Serginho
Enviado para Nadine","Concluído","Iluminação","WhatsApp","Principal","Secretaria de Serviços Urbanos"
"47506","214246","2025-07-10 09:16:18","2025-07-22 10:16:59","2025-06-17","_Solicitou ao setor de obras que os bueiros da Rua São João Batista no viradouro do ônibus fossem desentupidos, para evitar transtornos nas épocas de chuvas","Concluído","Saneamento, Água e Esgoto","Pessoal","Principal","Secretaria de Obras"
"47507","216068","2025-07-10 09:21:30","2025-07-10 09:21:30","2025-07-02","_Solicitou que marcasse tomografia com baixa radiação para o filho Luis Gustavo De Campos Alves 02/07/2024 foi marcada e feita dia 09/07/2025 no Sedim HPS","Concluído","Exames de sangue","WhatsApp","Principal","Secretaria de Saúde"
"47510","216069","2025-07-10 09:28:03","2025-07-10 09:28:03","2025-07-01","_Paciente precisa de fazer RNM da Pelve com urgência","aguardando execuçao","Exames de sangue","WhatsApp","Principal","Secretaria de Saúde"
"47514","216071","2025-07-10 09:31:58","2025-07-10 09:31:58","2025-06-24","_Paciente precisa fazer com urgência RNM lombo-sacro devido ao serviço exercido","aguardando execuçao","Exames de sangue","WhatsApp","Principal","Secretaria de Saúde"
"47515","216074","2025-07-10 09:39:31","2025-07-10 09:39:31","2025-07-02","_Paciente precisa de consulta com Ortopedista foi marcado para dia 03/07/2025 as 13hs no CAIC Dr Tiago","Concluído","Exames de sangue","WhatsApp","Principal","Secretaria de Saúde"
"47519","216075","2025-07-10 10:14:19","2025-07-10 10:14:19","2025-02-05","-Solicitou RNM da bacia com urgência foi marcada e feita para efutuar cirurgia Artroscopia no Quadril
Cirurgia marcada dia 02/07/2025","Concluído","Exames de sangue","WhatsApp","Principal","Secretaria de Saúde"
"47528","216115","2025-07-10 11:14:07","2025-07-18 11:14:05","2025-07-10","_Paciente precisa de consulta com psiquiatra já está na fila","Concluído","Atendimento médico em ubs clinico geral","WhatsApp","Principal","Secretaria de Saúde"
"47530","216122","2025-07-10 11:18:39","2025-07-10 11:18:39","2025-07-10","_Paciente precisa de fazer RNM da Bacia já está na fila","aguardando execuçao","Exames de sangue","WhatsApp","Principal","Secretaria de Saúde"
"47534","216171","2025-07-10 12:56:26","2025-07-11 12:08:48","2025-07-09","Adiantar consulta com a Neuropediatra, sentindo muita dor de cabeça","Concluído","Atendimento médico em ubs clinico geral","WhatsApp","Principal","Secretaria de Saúde"
"47551","216228","2025-07-10 16:38:01","2025-07-10 16:38:26","2025-07-02","Roseli solicitou ajuda de R$ 5,00 para o Culto das Amigas
Realizado pix para ajuadr","Concluído","Outros","WhatsApp","Principal","Ação Social"
"47554","216229","2025-07-11 08:42:49","2025-07-18 11:12:13","2025-07-10","_Paciente precisa consulta com Otorrino já está na fila 
_Ligar dia 14/07 p0ara marcar","Concluído","Atendimento médico em ubs clinico geral","WhatsApp","Principal","Secretaria de Saúde"
"47556","216230","2025-07-11 08:47:11","2025-07-11 08:47:11","2025-07-10","_Paciente prcisa de cirurgião para fazer a retirada de um caroço nas costas (pequenas cirurgias)
_Já está na fila da secretaria de saúde","aguardando execuçao","Atendimento médico em ubs clinico geral","WhatsApp","Principal","Secretaria de Saúde"
"47557","216231","2025-07-11 08:50:51","2025-07-18 11:11:12","2025-07-10","_Paciente precisa de consulta com otorrino já está na fila
_Ligar para marcar consulta dia 14/07 ","Concluído","Atendimento médico em ubs clinico geral","WhatsApp","Principal","Secretaria de Saúde"
"47559","216233","2025-07-11 09:52:42","2025-07-18 11:08:26","2025-07-11","_Solicitou que fizesse limpeza no escadão da rua São João Batista muito sujo","Concluído","Limpeza","WhatsApp","Principal","Secretaria de Obras"
"47564","216122","2025-07-11 12:02:01","2025-07-11 12:02:01","2025-07-11","_Paciente solicitou atendimento com Ortopedista 
_Consulta dia 11/07/2025 as 13hs na policlinica Santa Terezinha Dr João Paulo","Concluído","Atendimento médico em ubs clinico geral","WhatsApp","Principal","Secretaria de Saúde"
"47565","216253","2025-07-11 12:06:11","2025-07-11 12:06:11","2025-07-11","_Solicitou que precisa de 2 cadeiras de rodas foi feita pedido e demanda atendida 
_Fazer a retirada hoje 11/07/2025","Concluído","Outros","Pessoal","Principal","Secretaria de Saúde"
"47586","216293","2025-07-11 15:50:00","2025-07-14 13:28:20","2025-07-11","Solicita ajuda para organizar o funeral e enterro do irmão que faleceu trabalhando em Macaé e irá ser interrado aqui em Muriaé.","Concluído","Outros","WhatsApp","Principal","Ação Social"
"47606","216350","2025-07-14 14:00:23","2025-07-14 14:00:23","2025-07-11","Precisa de uma consulta com o Gastro, sentindo muita dor no estômago.
Marcado para Drª Josiane 21/07 - Policrinica CAIC","Concluído","Atendimento médico em ubs clinico geral","WhatsApp","Principal","Secretaria de Saúde"
"47607","216351","2025-07-14 14:09:13","2025-07-14 14:09:13","2025-07-14","Precisa de uma consulta com ortopedista
Consulta marcada para o dia 17/07 ás 13h Policlinica CAIC - Drº Tiago","Concluído","Atendimento médico em ubs clinico geral","WhatsApp","Principal","Secretaria de Saúde"
"47608","216352","2025-07-14 14:25:44","2025-07-14 14:26:47","2025-07-11","Precisa de uma consulta com um Neuro para o Pai José Coelho de Souza 03/06/1953
Marcado consulta para o dia 22/07 ás 7h (por ordem de chegada) na área de Cardiologista do HSP","Concluído","Atendimento médico em ubs clinico geral","WhatsApp","Principal","Secretaria de Saúde"
"47609","216354","2025-07-14 14:45:30","2025-07-14 14:45:30","2025-07-11","Solicita lixeiras (container) para colocar lixo e manter as ruas mais limpas
Será realizado Requerimento","em analise","Limpeza","WhatsApp","Principal","Secretaria de Serviços Urbanos"
"47610","216360","2025-07-14 15:01:58","2025-07-14 15:01:58","2025-07-14","Precisa de Detetização na rua 7 de setembro, aparecendo muito rato
Foi solicitado e feito no dia 14/07","Concluído","Limpeza","WhatsApp","Principal","Secretaria de Serviços Urbanos"
"47611","213307","2025-07-14 15:08:24","2025-07-14 15:08:24","2025-07-14","Precisa que seja retirada uma cachorra da rua Principal no Macuco, mordendo nas pessoas 
Passado para o CCZ e o Igor irá buscar dia 15/07","Concluído","Outros","WhatsApp","Principal","Secretaria de Segurança"
"47613","214574","2025-07-14 15:19:27","2025-07-14 15:19:27","2025-07-14","Precisa da 2ª via da parcela do IPTU do mês de Junho
Já foi passado o boleto para pagamento","Concluído","Outros","WhatsApp","Principal","Secretaria de Administração"
"47617","216367","2025-07-14 15:25:25","2025-07-14 15:25:25","2025-07-14","Está precisando de cesta básica
Encaminhada para o Ricardo CRAS São Joaquim ","Concluído","Cestas Básicas","WhatsApp","Principal","Ação Social"
"47632","213893","2025-07-15 08:57:09","2025-07-15 08:57:09","2025-07-14","_Paciente precisa de consulta oftalmo foi encaminhada
_Consulta dia 15/07/2025 as 7hs Dr Paulo Roberto Viva Vida","Concluído","Atendimento médico em ubs clinico geral","WhatsApp","Principal","Secretaria de Saúde"
"47636","216372","2025-07-15 09:02:26","2025-07-15 09:02:26","2025-07-03","_Paciente precisa passar pelo cirurgião (Caroço na perna)
_Consulta dia 24/07/2025 as 7hs no ambulatório Dr Luciano","Concluído","Atendimento médico em ubs clinico geral","WhatsApp","Principal","Secretaria de Saúde"
"47646","206709","2025-07-15 10:31:11","2025-07-15 10:31:11","2025-07-14","_Moradora solicitou vazamento de água na rua Eduardo Braga em frente ao N°93 Bairro Gaspar 
_Já foi passado para o DEMSUR e feito o serviço","Concluído","Outros","WhatsApp","Principal","Secretaria de Obras"
"47652","216401","2025-07-15 11:32:29","2025-07-15 11:32:29","2025-07-15","_Paciente precisa fazer exame ultrassom com urgência muita dor 
_Exame marcado dia 17/07 as 8hs no planejamento familiar","Concluído","Exames de sangue","WhatsApp","Principal","Secretaria de Saúde"
"47654","216411","2025-07-15 12:09:44","2025-07-15 12:09:44","2025-07-15","_Solicitou o pedido de cadeira de rodas para sua irmã Rose 
_Demanda atendida buscar na Rua Alameda das Orquideas N°630 Bairro Quinta das Flores","Concluído","Outros","WhatsApp","Principal","Secretaria de Saúde"
"47677","214246","2025-07-16 08:41:17","2025-07-16 08:41:17","2025-07-12","_Doação de 1 liquidificador para rifa da IMW Gaspar para ministério de louvor 
_Lider José Lucas","Concluído","Outros","Pessoal","Principal","Secretaria do Lazer"
"47678","214246","2025-07-16 08:43:17","2025-07-16 08:43:17","2025-07-12","_Fez doação de uma panela de pressão para bingo da comunidade São Bento Porto Belo
_Pedido do Alex Lourenço","Concluído","Outros","WhatsApp","Principal","Secretaria do Lazer"
"47682","216477","2025-07-16 12:04:37","2025-07-16 12:04:37","2025-07-16","_Solicitou 2 postes apagados na rua Petronella Guilhermine N°130 Bairro São Joaquim 
_Foi passado para o setor de iluminação","Concluído","Iluminação","WhatsApp","Principal","Secretaria de Serviços Urbanos"
"47683","216479","2025-07-16 12:08:46","2025-07-16 12:08:46","2025-07-16","_Solicitou que buscasse um cachorro com espinhos de oriço no fusin, perto da churrascaria do Gaúcho
_Foi passado para o setor responsável","Concluído","Outros","WhatsApp","Principal","Secretaria do Meio Ambiente"
"47705","216486","2025-07-17 11:16:00","2025-07-17 11:16:00","2025-07-16","_Moradora solicitou que fizesse limpeza na rua muito entulho na porta da casa 
_Rua Dr Francisco De Assis Carvalho N°355 B Bom Pastor
_Já foi passado para os responsáveis ","Concluído","Limpeza","WhatsApp","Principal","Secretaria de Serviços Urbanos"
"47706","216495","2025-07-17 11:25:59","2025-07-17 11:25:59","2025-07-16","_Paciente precisa consulta com Oftalmologista
_Consulta dia 12/08/2025 as 7hs Dr Paulo Roberto Viva Vida","Concluído","Atendimento médico em ubs clinico geral","WhatsApp","Principal","Secretaria de Saúde"
"47707","213894","2025-07-17 11:31:17","2025-07-17 11:31:17","2025-07-16","_Paciente precisa de consulta Oftalmologista
_Consulta dia 12/08/2025 as 7hs Dr Paulo Roberto Viva Vida","Concluído","Atendimento médico em ubs clinico geral","WhatsApp","Principal","Secretaria de Saúde"
"47787","212451","2025-07-21 13:49:40","2025-07-21 13:49:40","2025-07-21","Precisa de uma consulta com oftalmologista
Marcado dia 18/08 ás 12h Doutora Lais - Centro de Especialidades","Concluído","Exames de sangue","WhatsApp","Principal","Secretaria de Saúde"
"47793","216615","2025-07-21 16:07:04","2025-07-22 10:16:13","2025-07-21","Precisa de uma consulta com Ortopedista
Marcado uma consulta para vaga de desistência na Policlínica do Caic ás 12h dia 24/07 Quinta feira","Concluído","Atendimento médico em ubs clinico geral","Por telefone","Principal","Secretaria de Saúde"
"48100","214246","2025-07-24 10:47:40","2025-07-24 10:47:40","2025-07-01","Moradores solicitam Tapa Buraco na entrada da Cidade de Itamuri
Indicação nº 780
Realizado dia 09/07","Concluído","Asfalto","WhatsApp","Principal","Secretaria de Obras"
"48101","214246","2025-07-24 10:53:54","2025-07-24 10:53:54","2025-05-27","Concretagem do local onde fica os brinquedos da creche Caic
Indicação 769","aguardando execuçao","Outros","WhatsApp","Principal","Secretaria de Obras"
"48102","214246","2025-07-24 10:57:20","2025-07-24 10:59:02","2025-07-01","Solicita banheiros alto limpantes em toda cidade, logradouros públicos e área de lazer
Indicação 763","aguardando execuçao","Outros","WhatsApp","Principal","Secretaria de Serviços Urbanos"
"48103","214246","2025-07-24 11:02:57","2025-07-24 11:02:57","2025-05-27","Melhorias nos aparelhos de ginástica nas dependências do Caic
Indicação 760","aguardando execuçao","Outros","WhatsApp","Principal","Secretaria de Obras"
"48104","214246","2025-07-24 11:08:06","2025-07-24 11:08:06","2025-07-01","Solicita melhorias no laboratório Municipal","aguardando execuçao","Outros","WhatsApp","Principal","Secretaria de Obras"
"48106","214246","2025-07-24 11:11:47","2025-07-24 11:11:47","2025-06-23","Reparo de forro sala médica da UBS Boa Família
Indicação 850","aguardando execuçao","Outros","WhatsApp","Principal","Secretaria de Obras"
"48107","214246","2025-07-24 11:19:11","2025-07-24 11:19:11","2025-07-16","Tapa buraco na Rua José dos Santos no Bairro Santa Luzia
Indicação ","aguardando execuçao","Asfalto","WhatsApp","Principal","Secretaria de Obras"
"48108","213906","2025-07-24 11:30:00","2025-07-24 11:37:03","2025-07-15","Dedetização no bairro Porto Belo
Rua Leonidio Valentim, rua toda e pracinha também","Concluído","Outros","WhatsApp","Principal","Secretaria de Serviços Urbanos"
"48109","213906","2025-07-24 11:40:27","2025-07-24 11:40:27","2025-07-21","Dedetização nas ruas:
Avenida Capitão Wiliam, Rua Orminda do Prado Ferreira, Rua Edison Miranda Júnior, Rua Cleide Pereira Cardoso / Porto Belo","em analise","Outros","WhatsApp","Principal","Secretaria de Serviços Urbanos"
"48111","216867","2025-07-24 11:57:22","2025-07-24 11:57:22","2025-07-21","Solicita rotatória subida do morro Olavo Tostes, já teve e foi retirado","em analise","Outros","WhatsApp","Principal","Secretaria de Obras"
"48168","216907","2025-07-25 10:27:21","2025-07-25 10:27:21","2025-07-18","_ Paciente solicita consulta Dermatologista 
_Dia 22/07/2025 as 7hs SESC por ordem de chegada","Concluído","Atendimento médico em ubs clinico geral","WhatsApp","Principal","Secretaria de Saúde"
"48170","216909","2025-07-25 10:33:30","2025-07-25 10:33:30","2025-07-21","_Solicitou a marcação de exames de sangue foi encaminhado ao laboratório municipal 
_Dia 30/07/2025 das 6:30 as 8:00 hs","Concluído","Exames de sangue","Pessoal","Principal","Secretaria de Saúde"
"48171","216910","2025-07-25 10:37:29","2025-07-25 10:37:29","2025-07-23","_Solicitou consulta com dermatologista foi passado para os responsáveis e marcado 
_Dia 29/.07/2025 as 7hs no SESC Dr Cristiane Dornelas por ordem de chegada","Concluído","Atendimento médico em ubs clinico geral","Pessoal","Principal","Secretaria de Saúde"
"48172","216911","2025-07-25 10:48:21","2025-07-28 08:25:46","2025-07-18","_Solicitou transporte para retiro de jovens no sítio da Quadrangular 
_Saída dia 25/07/2025 as 18:30 e retorno dia 27/07/2025 as 14:00
_Rua Alameda dos Ypês N°275 porta da igreja Bairro Primavera","Concluído","Outros","Pessoal","Principal","Secretaria de Transporte"
"48174","216867","2025-07-25 10:54:41","2025-07-25 10:54:41","2025-07-21","_Solicitou uma faixa de pedreste na rua Coronel Izalino em frente o Viva Vida e Laboratório Municipal
_Indicação feita dia 21/07/2025","aguardando execuçao","Outros","Pessoal","Principal","Secretaria de Trânsito"
"48175","216913","2025-07-25 11:02:17","2025-07-25 11:02:17","2025-07-21","_Solicitou tapa buracos na rua Av Amaro Goulart N°204 Bairro João XX111 próximo a mêcanica JG 
_Foi feita indicação","aguardando execuçao","Asfalto","WhatsApp","Principal","Secretaria de Serviços Urbanos"
"48176","216914","2025-07-25 11:06:42","2025-07-25 11:06:42","2025-07-21","_Moradora solicitou capina e limpeza da rua 
_Rua Doutora Lurdes Reis Lopes N°170 B: Chácara Brum","aguardando execuçao","Limpeza","WhatsApp","Principal","Secretaria do Meio Ambiente"
"48179","216916","2025-07-25 11:12:20","2025-07-25 11:12:20","2025-07-23","_Moradora solicitou cata treco 
_Rua Padre Roberto Landoll de Moura (antiga rua 7) Bairro Planalto","Concluído","Outros","WhatsApp","Principal","Secretaria de Serviços Urbanos"
"48182","216918","2025-07-25 11:15:26","2025-07-25 11:15:26","2025-07-23","_Solicitou cesta básica foi passado para o CRAS 
_Rua Av. Contorno N°712 Bairro Dornelas","aguardando execuçao","Cestas Básicas","WhatsApp","Principal","Secretaria de Serviços Urbanos"
"48214","216946","2025-07-28 08:22:15","2025-07-28 08:22:15","2025-07-25","_Solicitou o transporte para retiro de jovens dia 25/07/2025 as 18:00hs na porta da igreja Rua Antônio Pereira Galvão em frente ao CAIC Bairro Encoberta igreja Quadrangular e o retorno será dia 27/07/2025 do sitio da Quadrangular
_Responsáveis Julio e Tayrone","Concluído","Transportes solicitacao de viagens ","WhatsApp","Principal","Secretaria de Transporte"
"48223","216950","2025-07-28 09:19:31","2025-07-28 09:19:31","2025-07-25","_Morador solicitou recapeamento asfáltico,revitalizar os qubras molas,pintar a sinalização da rua 
_Rua São Sebastião N°411","aguardando execuçao","Asfalto","Pessoal","Principal","Secretaria de Obras"
"48225","216951","2025-07-28 09:28:58","2025-07-28 09:28:58","2025-07-24","_Moradora solicitou uma fiscalização na cidade, nas vias públicas, pontos de ônibus ,calçadas,sinalização de placas.
_Foi feito o requerimento aos órgãos responsáveis
","aguardando execuçao","Placas, Lombadas e Sinais","WhatsApp","Principal","Secretaria de Serviços Urbanos"
"48226","216952","2025-07-28 09:34:36","2025-07-28 09:34:36","2025-07-25","_Solicitou uma visita do CRAS em sua residência foi passado para assistênte social e feita a visita 
_Pediu cesta básica","Concluído","Cestas Básicas","WhatsApp","Principal","Ação Social"
"48229","216953","2025-07-28 09:56:09","2025-07-28 09:56:09","2025-07-23","_Solicitou a marcação dos seguintes exames
_USG das mamas e axilas
_USG transvaginal
_Foi encaminhado para fazer a marcação","aguardando execuçao","Exames de sangue","WhatsApp","Principal","Secretaria de Saúde"
"48231","216954","2025-07-28 10:00:25","2025-07-28 10:00:25","2025-07-23","_Paciente solicitou o exame de mamografia foi encaminhado para fazer a marcação","aguardando execuçao","Exames de sangue","WhatsApp","Principal","Secretaria de Saúde"
"48232","216955","2025-07-28 10:04:02","2025-08-15 16:03:19","2025-07-23","_Paciente precisa de fisioterapia foi encaminhado para UBS assim que a DR voltar das Férias","Concluído","Atendimento médico em ubs clinico geral","WhatsApp","Principal","Secretaria de Saúde"
"48236","215579","2025-07-28 10:14:02","2025-07-28 10:14:02","2025-07-24","_Solicita uma consulta fonodiologa para seu filho foi encaminhado para fazer a marcação
_Enrico Da Silva Castro 16/09/2021","aguardando execuçao","Atendimento médico em ubs clinico geral","WhatsApp","Principal","Secretaria de Saúde"
"48237","216956","2025-07-28 10:18:00","2025-07-28 10:18:00","2025-07-24","_Solicitou que marcasse o retorno para Dr Renata neurologista, foi encaminhado para fazer a marcação","aguardando execuçao","Atendimento médico em ubs clinico geral","WhatsApp","Principal","Secretaria de Saúde"
"48238","216957","2025-07-28 10:23:40","2025-07-28 10:23:40","2025-07-21","_Solicitou marcação de exames de sangue foi encaminhado e feito a marcação 
_Dia 24/07/2025 das 6:30 as 8:00 laboratorio municipal","Concluído","Exames de sangue","Pessoal","Principal","Secretaria de Saúde"
"48239","210754","2025-07-28 10:36:27","2025-07-28 10:36:27","2025-07-28","_Moradora solicitou 3 postes apagados na rua  Francisco Antenor De Paula Bairro Gaspar 
_Foi passado para o setor de iluminação","Concluído","Iluminação","WhatsApp","Principal","Secretaria de Serviços Urbanos"
"48242","214246","2025-07-28 11:31:09","2025-07-28 11:31:09","2025-07-14","_Solicitou mini postes na lateral do campo,perto da igreja de Itamuri
_Se possível concretar uma rampa para melhor acesso das pessoas irem na igreja
_Itamuri","aguardando execuçao","Iluminação","WhatsApp","Principal","Secretaria de Serviços Urbanos"
"48243","214246","2025-07-28 11:37:51","2025-07-28 11:37:51","2025-07-18","_Moradores solicitaram o pedido de troféus para campeonato de sinuca no bairro Gaspar no bar do Gilson, foi entregue ao responsável","Concluído","Outros","Pessoal","Principal","Secretaria de Esporte"
"48245","217007","2025-07-28 13:53:33","2025-07-28 13:53:33","2025-07-14","Precisa de uma consulta para internar na fundação, tem deficiência mental e motora
Marcado consulta dia 11/08","Concluído","Outros","WhatsApp","Principal","Secretaria de Saúde"
"48246","217008","2025-07-28 14:02:08","2025-07-28 14:02:08","2025-07-17","Verificar pedido de exame Transvaginal e Ultrasonografia da mama, aguardando desden o ano passado","em analise","Exames de sangue","WhatsApp","Principal","Secretaria de Saúde"
"48247","217009","2025-07-28 15:02:08","2025-07-28 15:02:08","2025-07-11","Verificar na Rua Geraldo Argemiro da Cunha que corre risco de deslizamento (terra cedendo aos poucos). Escada oferecendo perigo, casas abandonadas na Rua Francisco Elias (mato alto, ratos, escorpiões)","em analise","Outros","WhatsApp","Principal","Secretaria de Obras"
"48251","209002","2025-07-28 15:56:31","2025-07-28 15:56:31","2025-07-11","Comprou um terreno na rua dela mas a parte onde está o terreno não tem rede de esgoto. Pede para que veja com o Demsur se tem como manilhar esse pedaço.","em analise","Saneamento, Água e Esgoto","WhatsApp","Principal","Secretaria de Serviços Urbanos"
"48331","217073","2025-07-30 10:03:47","2025-07-30 10:03:47","2025-07-30","_Solicitou materiais de curativos para fazer limpeza 
_Gases estetizado,gases normal,luvas,álcool
_Foi encaminhada parar UBS Gaspar","Concluído","Outros","WhatsApp","Principal","Secretaria de Saúde"
"48349","216360","2025-07-30 14:05:51","2025-07-30 14:05:51","2025-07-28","Solicita Cata treco no bairro gaspar","em analise","Limpeza","WhatsApp","Principal","Secretaria de Serviços Urbanos"
"48351","212893","2025-07-30 14:25:32","2025-07-30 14:28:22","2025-07-29","Solicitou que retirasse as folhas da Rua: José Augusto de Abreu, que cortaram das árvores.","Concluído","Limpeza","WhatsApp","Principal","Secretaria do Meio Ambiente"
"48384","212823","2025-07-31 14:30:04","2025-07-31 14:30:04","2025-07-31","Solicita consulta com Psiquiatra
Marcado para dia 04/08 ás 12h30m na UBS do São Francisco","Concluído","Atendimento médico em ubs clinico geral","WhatsApp","Principal","Secretaria de Saúde"
"48391","217177","2025-07-31 15:12:40","2025-07-31 15:12:40","2025-07-29","Precisa de uma consulta com Nutricionista (Diverticulite)
Marcado para o dia 01/08 às 12h40m na UBS Dornelas - Drª Vanessa","Concluído","Atendimento médico em ubs clinico geral","WhatsApp","Principal","Secretaria de Saúde"
"48406","217186","2025-07-31 16:31:14","2025-07-31 16:31:14","2025-07-25","Pedindo ajuda para a família do Fabiano da Conceição Fontela na Avenida do Contorno 712, Dornelas
Passado para o Cras do São Joaquim","Concluído","Cestas Básicas","WhatsApp","Principal","Ação Social"
"48433","206651","2025-08-01 13:32:57","2025-08-01 13:32:57","2025-07-31","Solicita manutenção no balanço da pracinha de Itamuri","em analise","Outros","WhatsApp","Principal","Secretaria de Serviços Urbanos"
"48454","217296","2025-08-01 15:17:50","2025-08-01 15:17:50","2025-07-11","Solicita que seja feito poda nas árvores do Bairro Santa Luzia","em analise","Outros","WhatsApp","Principal","Secretaria do Meio Ambiente"
"48651","216907","2025-08-05 15:47:31","2025-08-05 15:47:31","2025-08-04","Solicita consulta com Dermatologista 
Marcado para dia 07/08 às 7h no Sesc","Concluído","Atendimento médico em ubs clinico geral","WhatsApp","Principal","Secretaria de Saúde"
"48653","217546","2025-08-05 15:57:25","2025-08-05 15:57:25","2025-08-04","Solicita que seja retirado os galhos na Rua Geraldo Argemiro da Cunha, em frente a capela Santa Luzia
Já foi passado para o Vandinho.","Concluído","Limpeza","WhatsApp","Principal","Secretaria de Serviços Urbanos"
"48699","217632","2025-08-06 16:05:13","2025-08-06 16:05:13","2025-08-06","Verificar o muro está caindo, dívisa com a rua (em frente ao ponto final do ônibus)
Indicação 970","aguardando execuçao","Outros","WhatsApp","Principal","Secretaria de Obras"
"48700","214246","2025-08-06 16:21:17","2025-08-06 16:21:17","2025-08-06","Fazer indicação ônibus Bela Vista voltar a passar por dentro do bairro
Indicação 971 feita ao Demutran","aguardando execuçao","Transportes solicitacao de viagens ","WhatsApp","Principal","Secretaria de Trânsito"
"48701","217634","2025-08-06 16:36:04","2025-08-06 16:36:04","2025-08-06","Solicitou que passe máquina nas estradas rurais sentido Bela Vista a Usina da Fumaça, Capetinga, Club dos Bancários a Capetinga","em analise","Outros","WhatsApp","Principal","Secretaria de Serviços Urbanos"
"48702","217635","2025-08-06 16:43:38","2025-08-06 16:43:38","2025-08-06","Solicitou que verificasse postes apagados na Rua Konstantinos Ioanis Gramatikopolus, Bairro: Gaspar nº 26
Solicitado a Nadine","aguardando execuçao","Iluminação","WhatsApp","Principal","Secretaria de Serviços Urbanos"
"48740","217721","2025-08-07 16:20:54","2025-08-07 16:20:54","2025-08-07","Solicita com urgência de uma ambulância para o Senhor Janir que está passando muito mal e não estão conseguindo Samur nem Bombeiro para levar para o Hospital.
Samu foi busca-lo.","Concluído","Outros","WhatsApp","Principal","Secretaria de Saúde"
"48783","214246","2025-08-08 16:13:13","2025-08-08 16:13:13","2025-08-05","Solicitar reparo nos postes na entrada da estrada do rodolfo
Já solicitado ","aguardando execuçao","Iluminação","WhatsApp","Principal","Secretaria de Serviços Urbanos"
"48785","211435","2025-08-08 16:22:53","2025-12-22 10:40:49","2025-08-04","Solicita que veja os postes apagados na rua presidente kennedy, perto do número 125","Concluído","Iluminação","WhatsApp","Principal","Secretaria de Serviços Urbanos"
"48786","217824","2025-08-08 16:29:35","2025-08-08 16:29:35","2025-08-08","Verificar os postes que estão sem luz (já solicitado a nadine)
Tapa buraco na rua vários buracos","em analise","Outros","WhatsApp","Principal","Secretaria de Obras"
"48796","207165","2025-08-11 08:32:03","2025-08-11 08:32:03","2025-08-04","_Morador solicitou que arrumasse as telas da pracinha, coluna de cimento quebrada,foi feita indicação para o setor responsável
_Pracinha bairro Gaspar parte alta","Concluído","Outros","WhatsApp","Principal","Secretaria de Obras"
"48797","217826","2025-08-11 08:37:38","2025-08-11 08:37:38","2025-08-05","_Moradora solicitou que os postes estavam apagados foi passaso para o setor responsável 
_Rua São João Batista N°54 Bairro Gaspar","Concluído","Iluminação","WhatsApp","Principal","Secretaria de Obras"
"48805","217829","2025-08-11 10:34:14","2025-08-11 10:34:14","2025-08-07","_Solicitou que arrumase os bueiros que está afundando causando danos no local, bueiros não escoa mais água 
_Foi feita indicação e passado para o setor de obras
_Rua Moisés Schaknick Parque industrial ","aguardando execuçao","Saneamento, Água e Esgoto","WhatsApp","Principal","Secretaria de Obras"
"48807","217830","2025-08-11 10:40:25","2025-08-11 10:40:25","2025-08-07","_Morador solicitou que fissese uma canalização em uma valeta que foi aberta e está prejudicando sua residência, foi feita indicação e passado para o setor de obras
_Sofocó","aguardando execuçao","Outros","Pessoal","Principal","Secretaria de Obras"
"48810","216867","2025-08-11 10:44:49","2025-08-11 10:44:49","2025-08-07","_Moradores solicitou que arrumasse o coreto da praça Santa Terezinha,praça suja 
_Bairro Santa Terezinha 
_Indicação feita","aguardando execuçao","Outros","WhatsApp","Principal","Secretaria de Obras"
"48852","212058","2025-08-11 15:38:56","2025-08-11 15:38:56","2025-08-07","Solicita uma consulta com o Oftalmologista
Marcado para dia 12/08 às 7h no viva vida com Drº Paulo Roberto","Concluído","Exames de sangue","WhatsApp","Principal","Secretaria de Saúde"
"48917","214246","2025-08-12 16:07:32","2025-08-12 16:07:32","2025-08-11","Bueiros entupidos na rua Getúlio Vargas, na barra. Calçada em frente a sede estadual Ed. Nilo Porto nº55
Feito indicação","aguardando execuçao","Outros","WhatsApp","Principal","Secretaria de Serviços Urbanos"
"48919","218027","2025-08-12 16:13:35","2025-08-12 16:13:35","2025-08-07","Precisa consulta ginecologista
Marcado para o dia 19/08, ás 7h na UBS do Primavera","Concluído","Exames de sangue","WhatsApp","Principal","Secretaria de Saúde"
"49052","214243","2025-08-15 12:58:43","2025-08-15 12:58:43","2025-08-05","Precisa de um Neuro ou Psiquiatra para o Kauã Pierry Emereciano Delfino 
Marcado para segunda 18/08 às 12h na Ubs São Francisco 2º andar, Psiquiatra Doutor Rogério","Concluído","Atendimento médico em ubs clinico geral","WhatsApp","Principal","Secretaria de Saúde"
"49053","218194","2025-08-15 14:46:40","2025-08-15 14:46:40","2025-08-06","Precisando de consulta com oftalmologista
Marcado no viva vida para dia 02/09 ás 7h, Doutor Paulo Roberto","Concluído","Exames de sangue","WhatsApp","Principal","Secretaria de Saúde"
"49054","215934","2025-08-15 15:08:16","2025-08-15 15:08:16","2025-08-14","Precisa que veja se a tomografia da Bebê dela está liberada
Enviada para a Tina da Secretária de Saúde","aguardando execuçao","Exames de sangue","WhatsApp","Principal","Secretaria de Saúde"
"49055","217546","2025-08-15 15:29:30","2025-08-15 15:29:30","2025-08-14","Precisando de uma consulta para o irmão Adilson Domingos da Silva com o Doutor Renato","em analise","Atendimento médico em ubs clinico geral","WhatsApp","Principal","Secretaria de Saúde"
"49116","211160","2025-08-18 12:55:57","2025-08-18 12:55:57","2025-08-07","Solicitou marcação de fisioterapia
Marcado para o dia 18/08, às 8h na Faminas","Concluído","Outros","WhatsApp","Principal","Secretaria de Saúde"
"49133","214246","2025-08-18 13:50:38","2025-08-18 13:50:38","2025-08-11","Dedetização contra ratos, na Rua das avencas no Bairro Recanto Verde","aguardando execuçao","Outros","WhatsApp","Principal","Secretaria de Serviços Urbanos"
"49139","206719","2025-08-18 14:28:36","2025-08-18 14:28:36","2025-08-11","Solicita cesta básica para o Jorginho, na Rua 7 de setembro nº 45, Bairro Gaspar
Passado para Fabiane, já realizaram o cadastro e foi entregue a cesta básica","Concluído","Cestas Básicas","WhatsApp","Principal","Ação Social"
"49141","214246","2025-08-18 14:47:50","2025-08-18 14:47:50","2025-08-13","Arrumar água vazando na estação da carne","em analise","Outros","WhatsApp","Principal","Secretaria de Serviços Urbanos"
"49499","218509","2025-08-25 10:42:21","2025-08-25 10:42:21","2025-08-22","_Paciente necessita o uso de um andador, foi encaminhada para pegar ","Concluído","Outros","WhatsApp","Principal","Secretaria de Saúde"
"49523","208197","2025-08-25 16:37:55","2025-08-25 16:37:55","2025-08-14","Solicita com urgência consulta com ortopedista, sentindo muitas dores no joelho
marcado para dia 21/08, âs 13h no Caic com o Doutor Thiago","Concluído","Atendimento médico em ubs clinico geral","WhatsApp","Principal","Secretaria de Saúde"
"49807","218784","2025-09-02 08:55:08","2025-09-02 08:55:08","2025-09-01","-Paciente solicitou consulta com Dermatologista, foi encaminhado e marcado 
_Dia 11/09 as 7hs no SESC Dr Karine","Concluído","Atendimento médico em ubs clinico geral","WhatsApp","Principal","Secretaria de Saúde"
"49872","218875","2025-09-02 16:34:36","2025-09-02 16:34:36","2025-08-27","Precisa de uma consulta com Otorrino
Marcado para dia 02/08 às 7h na Ubs do Porto - Drª Daniela","Concluído","Atendimento médico em ubs clinico geral","WhatsApp","Principal","Secretaria de Saúde"
"49943","211435","2025-09-03 16:11:40","2025-09-03 16:11:40","2025-09-02","Pediu para arrumar vazamento de água na rua Eduardo Braga nº175 gaspar
Passado para o Ronaldo e realizado o serviço","Concluído","Saneamento, Água e Esgoto","WhatsApp","Principal","Secretaria de Serviços Urbanos"
"49946","218988","2025-09-03 16:19:53","2025-09-03 16:19:53","2025-09-03","Solicita a retirada dos usuários da porta da Paróquia da Barra","em analise","Outros","WhatsApp","Principal","Ação Social"
"49984","219086","2025-09-04 15:27:17","2025-09-04 15:27:17","2025-09-03","Precisa de consulta com Ortopedista para o Pai
Marcado dia 04/09 ás 13h no Caic","Concluído","Atendimento médico em ubs clinico geral","WhatsApp","Principal","Secretaria de Saúde"
"50308","219503","2025-09-08 16:33:41","2025-09-08 16:33:41","2025-09-05","Solicita ajuda para marcar fisioterapia (marcado para dia 10/09 às 10h na Faminas)
Adiantar a ressonância","aguardando execuçao","Exames de sangue","WhatsApp","Principal","Secretaria de Saúde"
"50329","219530","2025-09-08 16:52:57","2025-09-08 16:52:57","2025-09-05","Precisa realizar um exame de ultrassom
marcado para dia 08/09 às 8h no planejamento familiar","Concluído","Exames de sangue","WhatsApp","Principal","Secretaria de Saúde"
"50339","219542","2025-09-08 17:19:59","2025-10-20 14:22:16","2025-09-04","Precisa de acompanhamento com Psicologo","Concluído","Atendimento médico em ubs clinico geral","WhatsApp","Principal","Secretaria de Saúde"
"50340","210896","2025-09-08 17:23:01","2025-09-08 17:23:01","2025-09-03","Precisa marcar Fisioterapia
Marcado para dia 08/09 às 10h Faminas","Concluído","Exames de sangue","WhatsApp","Principal","Secretaria de Saúde"
"50341","219543","2025-09-08 17:30:46","2025-09-08 17:30:46","2025-09-02","Precisa consultar com o Drº Paulo Sérgio Ortopedista
Marcado dia 08/09 às 7h - policlinica Santa Terezinha","Concluído","Atendimento médico em ubs clinico geral","WhatsApp","Principal","Secretaria de Saúde"
"50342","219544","2025-09-08 17:35:42","2025-09-08 17:35:42","2025-09-02","Precisa de ajuda para adiantar a cirurgia de Hérnia Inguinal em JF do filho Gustavo da Silva Viana 16/06/25 (prematuro)","em analise","Outros","WhatsApp","Principal","Secretaria de Saúde"
"50343","219545","2025-09-08 17:57:30","2025-09-08 17:57:30","2025-09-01","Precisa de atendimento com Psicologo, Gastro e Neurologista","em analise","Atendimento médico em ubs clinico geral","WhatsApp","Principal","Secretaria de Saúde"
"50582","219902","2025-09-10 16:41:44","2025-09-10 16:41:44","2025-09-10","Precisa de ajuda para marcar um Pique na lingua da filha Maria Gabriela Martins Pimentel
Passado para CEO","em analise","Atendimento médico em ubs clinico geral","WhatsApp","Principal","Secretaria de Saúde"
"50584","219903","2025-09-10 16:49:38","2025-09-10 16:49:38","2025-07-27","Precisa de ajuda para marcar os exames de sangue, tomografia e eletro
Foi encaminhada e realizados no dia 01/09","Concluído","Exames de sangue","WhatsApp","Principal","Secretaria de Saúde"
"50818","216115","2025-09-12 12:48:29","2025-09-12 12:48:29","2025-08-11","Precisa de consulta com o Psiquiatra Drº Rodrigo no Caic","em analise","Atendimento médico em ubs clinico geral","WhatsApp","Principal","Secretaria de Saúde"
"50825","220120","2025-09-12 13:19:04","2025-09-12 13:19:04","2025-08-11","Precisa de consulta com o Drº Rodrigo Reumatologista
Marcado dia 11/08 às 14h, na UBS José Cirilo","Concluído","Atendimento médico em ubs clinico geral","WhatsApp","Principal","Secretaria de Saúde"
"50840","220133","2025-09-12 13:42:52","2025-09-12 13:42:52","2025-08-11","Adiantar o exame de Sangue
Marcado para dia 15/08 das 6h30m às 8h no Laboratório Municipal","Concluído","Exames de sangue","WhatsApp","Principal","Secretaria de Saúde"
"50841","220136","2025-09-12 13:55:23","2025-09-12 13:55:23","2025-08-19","Precisa que adianta a Ressonância do Ombro Esquerdo","em analise","Exames de sangue","WhatsApp","Principal","Secretaria de Saúde"
"50842","220138","2025-09-12 14:02:29","2025-09-12 14:02:29","2025-08-20","Consulta com Oftalmologista","em analise","Atendimento médico em ubs clinico geral","WhatsApp","Principal","Secretaria de Saúde"
"50859","220156","2025-09-12 14:50:29","2025-09-12 14:50:29","2025-08-25","Precisa consultar com Ortopedista, sentindo muita dor
Marcado para o Dia 29/08 às 7h no Caic","Concluído","Atendimento médico em ubs clinico geral","WhatsApp","Principal","Secretaria de Saúde"
"50860","220157","2025-09-12 14:53:48","2025-09-12 14:53:48","2025-08-25","Precisa de uma consulta com o Ortopedista
Marcado para dia 28/08 às 13h no Caic","Concluído","Atendimento médico em ubs clinico geral","WhatsApp","Principal","Secretaria de Saúde"
"50907","220196","2025-09-12 16:01:18","2025-09-12 16:01:18","2025-08-25","Precisando fazer alguns exames: ultrassom, Ecocardiograma e Mapa
Ultrassom marcado","aguardando execuçao","Exames de sangue","WhatsApp","Principal","Secretaria de Saúde"
"50912","220200","2025-09-12 16:05:35","2025-09-12 16:05:35","2025-08-25","Precisa fazer um Raio X coluna lombar 
- Foi encaminhada para o HSP para realizar o exame","Concluído","Exames de sangue","WhatsApp","Principal","Secretaria de Saúde"
"50933","220221","2025-09-12 16:26:01","2025-09-12 16:26:01","2025-08-26","Precisa de consulta com Dermatologista
Marcado para dia 28/08 às 7h no Sesc por ordem de chegada","Concluído","Atendimento médico em ubs clinico geral","WhatsApp","Principal","Secretaria de Saúde"
"50935","220225","2025-09-12 16:35:15","2025-09-12 16:35:15","2025-08-26","Precisa fazer uma Ultrassonografia de Tireoide","em analise","Exames de sangue","WhatsApp","Principal","Secretaria de Saúde"
"51244","220518","2025-09-17 13:44:06","2025-09-17 13:44:06","2025-09-02","Ressonância Coluna Lombo Sacra","em analise","Exames de sangue","WhatsApp","Principal","Secretaria de Saúde"
"51265","220543","2025-09-17 14:58:13","2025-09-17 14:58:13","2025-09-17","Precisa que adiante consulta com o cirurgião para uma operação de Hérnia","em analise","Atendimento médico em ubs clinico geral","WhatsApp","Principal","Secretaria de Saúde"
"51267","206435","2025-09-17 15:13:32","2025-09-17 15:40:10","2025-08-06","Ressonância coluna e perna","em analise","Exames de sangue","WhatsApp","Principal","Secretaria de Saúde"
"51814","221071","2025-09-24 16:16:43","2025-09-24 16:16:43","2025-09-24","Consertar um bueiro que está errado na porta da casa dela","em analise","Saneamento, Água e Esgoto","WhatsApp","Principal","Secretaria de Serviços Urbanos"
"51817","221072","2025-09-24 16:20:44","2025-09-24 16:20:44","2025-09-24","Corte da árvore que está caindo em frente a casa dele","em analise","Poda de Árvore","WhatsApp","Principal","Secretaria do Meio Ambiente"
"51820","214246","2025-09-24 16:28:08","2025-09-24 16:28:08","2025-09-22","Proibido a subida de caminhões na Rua Dom Pedro I","em analise","Outros","WhatsApp","Principal","Secretaria de Trânsito"
"51827","221074","2025-09-24 16:45:13","2025-09-24 16:45:13","2025-09-19","Manilhas quebradas, rua com infiltração, buracos na rua com risco de desabamento. Rua Vereador Wallace Sereno Fernandes B. Santa Laura
Ind.: 1110","em analise","Saneamento, Água e Esgoto","WhatsApp","Principal","Secretaria de Serviços Urbanos"
"51913","221074","2025-09-25 16:43:16","2025-09-25 16:43:16","2025-09-19","Coleta de esgoto bairro Santa Laura
Indicação 1109","em analise","Saneamento, Água e Esgoto","WhatsApp","Principal","Secretaria de Serviços Urbanos"
"51915","221144","2025-09-25 16:47:52","2025-09-25 16:48:18","2025-09-19","Providênciar junto ao Demutram carga e descarga próximo a Rua Lincon Marinho ou a Avenida Coronel Monteiro de Castro
Indicação 1106","em analise","Outros","WhatsApp","Principal","Secretaria de Trânsito"
"52068","214246","2025-09-29 13:53:32","2025-09-29 13:53:32","2025-09-29","Solicita caminhão do Cata Treco nas Ruas: São João Batista, 1º de Maio e Paulo de Oliveira Góes","aguardando execuçao","Limpeza","WhatsApp","Principal","Secretaria do Meio Ambiente"
"52069","214246","2025-09-29 14:08:54","2025-09-29 14:08:54","2025-09-29","Solicita cesta básica para Maria Angela na Rua Arthur Duarte 384 Bairro Safira
Passado para José Lourenço","aguardando execuçao","Cestas Básicas","WhatsApp","Principal","Ação Social"
"52073","214246","2025-09-29 14:53:00","2025-09-29 14:53:00","2025-09-29","Limpeza nas pracinhas bairro gaspar e santa luzia 
Indicação 1131","aguardando execuçao","Limpeza","WhatsApp","Principal","Secretaria do Meio Ambiente"
"52077","209044","2025-09-29 15:04:07","2025-09-29 15:04:07","2025-09-25","Transporte para as crianças da creche ir no cinema dia 07/10. Parte da manhã ás 8h às 10h30m e a tarde 13h às 16h.
Passado para o jair","aguardando execuçao","Transportes solicitacao de viagens ","WhatsApp","Principal","Secretaria de Transporte"
"52095","221291","2025-09-29 15:55:48","2025-09-29 15:55:48","2025-09-25","Solicita ajuda para parcelar IPTU 2023, 2024 e 2025
Foi passado para o setor e as parcelas foram realizadas para pagamento","Concluído","Outros","WhatsApp","Principal","Secretaria de Habitação"
"52101","221307","2025-09-29 16:02:10","2025-09-29 16:02:10","2025-09-25","Precisa de vaga na creche do Santo Antônio, para o filho Luiz Ricardo Moreira de Oliveira de 8 meses.
Conversado com a Cristina e a mesma ficou de arrumar a vaga","Concluído","Vaga em Escolas e Creches","WhatsApp","Principal","Secretaria de Educação"
"52105","209867","2025-09-29 16:05:14","2025-09-29 16:05:14","2025-09-25","Solicita caminhão de cata treco na rua São João Batista
Agendado para o dia 06/10","Concluído","Outros","WhatsApp","Principal","Secretaria do Meio Ambiente"
"52476","221580","2025-10-02 13:42:44","2025-10-02 13:42:44","2025-10-02","Precisa de uma consulta na Ubs do gaspar
Marcado para dia 03/10 às 8h da manhã","Concluído","Atendimento médico em ubs clinico geral","WhatsApp","Principal","Secretaria de Saúde"
"52497","221618","2025-10-03 10:56:19","2025-10-03 10:56:19","2025-07-14","_Paciente precisa de uma consulta com cirurgião para retirada de um plicona anal","aguardando execuçao","Atendimento médico em ubs clinico geral","WhatsApp","Principal","Secretaria de Saúde"
"52498","221620","2025-10-03 11:03:53","2025-10-03 11:03:53","2025-07-28","Limpeza do campo, tela no campo, pintura do vestiário, refletores queimados e refletores virados.","Concluído","Limpeza","Por telefone","Principal",NULL
"52499","221619","2025-10-03 11:05:55","2025-10-03 11:05:55","2025-07-14","_Paciente precisa de fazer endoscopia, foi passado para secretaria","aguardando execuçao","Exames de sangue","WhatsApp","Principal","Secretaria de Saúde"
"52501","214246","2025-10-03 11:08:34","2025-10-03 11:08:34","2025-08-19","Arrumar brinquedos quebrados na praça da Barra. 
Limpeza da praça do Santana.","Concluído","Limpeza","Pessoal","Principal",NULL
"52502","214246","2025-10-03 11:09:20","2025-10-03 11:09:20","2025-07-28","_Moradores relataram a falta de medicamentos na UBS Macuco,foi passado para o setor responsável","Concluído","Medicamentos","Pessoal","Principal","Secretaria de Saúde"
"52503","214246","2025-10-03 11:11:39","2025-10-03 11:11:39","2025-07-28","-Solicitei uma cadeira de dentista para UBS Macuco, foi encaminhado e feito","Concluído","Outros","Pessoal","Principal","Secretaria de Saúde"
"52504","221621","2025-10-03 11:14:58","2025-10-03 11:14:58","2025-08-27","Limpeza do beco da Cruzeiro, rua Dr. Nilton Resende.
Foi passado para o Eder","Concluído","Limpeza","WhatsApp","Principal",NULL
"52505","221622","2025-10-03 11:15:35","2025-10-03 11:15:35","2025-08-26","_Paciente precisa de cirurgião geral 
_Cervicalgia","aguardando execuçao","Atendimento médico em ubs clinico geral","WhatsApp","Principal","Secretaria de Saúde"
"52506","221623","2025-10-03 11:18:14","2025-10-03 11:18:14","2025-08-27","_Paciente precisa cirurgia de catarata","aguardando execuçao","Outros","WhatsApp","Principal","Secretaria de Saúde"
"52507","221624","2025-10-03 11:20:32","2025-10-03 11:20:32","2025-08-27","Cata treco, Rua Elói Carneiro de Melo, Cardoso de Melo. n 435 (perte baixa)","Concluído","Limpeza","WhatsApp","Principal",NULL
"52508","221625","2025-10-03 11:22:18","2026-01-12 10:34:53","2025-08-28","_Paciente prcisa fazer cirurgia da visícula urgente","aguardando execuçao","Outros","WhatsApp","Principal","Secretaria de Saúde"
"52509","221626","2025-10-03 11:26:44","2025-10-03 11:26:44","2025-08-28","_Precisa de um psiquiatra 
_Opereção de miopia","aguardando execuçao","Atendimento médico em ubs clinico geral","WhatsApp","Principal","Secretaria de Saúde"
"52510","221627","2025-10-03 11:30:18","2025-10-03 11:30:18","2025-09-08","_Precisa entrar no processo para ganhar o leite
_Precisa receita com pediatra 
_Foi passado e concluido","Concluído","Medicamentos","WhatsApp","Principal","Secretaria de Saúde"
"52511","221628","2025-10-03 11:39:18","2025-10-03 11:39:18","2025-09-08","_Paciente precisa de exame Ecocardiograma, foi encaminhado ","aguardando execuçao","Exames de sangue","WhatsApp","Principal","Secretaria de Saúde"
"52513","207205","2025-10-03 11:46:26","2025-10-03 11:46:26","2025-09-09","_Consulta com Oftamlmologista foi marcado 
_Dia 18/09 as 11:00hs no Viva Vida Dr paula","Concluído","Atendimento médico em ubs clinico geral","WhatsApp","Principal","Secretaria de Saúde"
"52514","221629","2025-10-03 11:54:08","2025-10-03 11:54:08","2025-09-10","_Paciente precisa de RNM Coluna Lombo Sacra, pedido está na secretaria de saúde","aguardando execuçao","Exames de sangue","WhatsApp","Principal","Secretaria de Saúde"
"52525","214246","2025-10-03 15:01:17","2025-10-03 15:01:17","2025-08-30","Limpeza nos fundos da Rua Eduardo Braga onde foi feita a obra de Rede de Esgoto, muito lixo","em analise","Limpeza","WhatsApp","Principal","Secretaria de Serviços Urbanos"
"52526","214246","2025-10-03 15:02:57","2025-10-03 15:04:16","2025-08-30","Pedir cronograma das cirurgias e exames de multirões realizados
Foi feito requerimento","aguardando execuçao","Outros","WhatsApp","Principal","Secretaria de Saúde"
"52527","214246","2025-10-03 15:06:05","2025-10-03 15:06:05","2025-09-01","Inauguração ponte estrada do Rio Preto  - Joaquim Inocêncio da Cunha","em analise","Outros","WhatsApp","Principal","Secretaria de Obras"
"52528","214246","2025-10-03 15:07:57","2025-10-03 15:07:57","2025-09-01","Fazer indicação de mini postes em frente a UBS do bairro Gaspar muito escuro
Indicação feita","aguardando execuçao","Iluminação","WhatsApp","Principal","Secretaria de Obras"
"52529","214246","2025-10-03 15:10:07","2025-10-03 15:10:07","2025-09-01","Velório feito dia 02/09 às 16h - Montaro da Cruz Lino 11/06/1980
Foi passado para desenvolvimento social e realizado.","Concluído","Outros","WhatsApp","Principal","Ação Social"
"52550","212900","2025-10-06 09:03:04","2025-10-06 09:03:04","2025-09-02","_Solicitou o pedido de cesta básica, foi passado para o CRAS e entregue","Concluído","Cestas Básicas","WhatsApp","Principal","Ação Social"
"52552","221652","2025-10-06 09:06:17","2025-10-06 09:06:17","2025-09-02","_Solicitou manutenção na portas, ar condicionado na UBS Santo Antônio
_Foi feita indicação","Concluído","Outros","WhatsApp","Principal","Secretaria de Obras"
"52554","221653","2025-10-06 09:09:27","2025-10-06 09:09:27","2025-09-04","_Moradores pediram para voltar os horários dos ônibus normal, São Joaquim e Marambaia
-Foi feita indicação","aguardando execuçao","Transportes solicitacao de viagens ","WhatsApp","Principal","Secretaria de Transporte"
"52556","214246","2025-10-06 09:13:35","2025-10-06 09:13:35","2025-09-05","_Fazer indicação UBS São Francisco para :
_Sala dos agentes não abre
_Pia está caindo 
_Só 3 computadores para 15 agentes
_Pintura nas paredes","Concluído","Outros","Pessoal","Principal","Secretaria de Obras"
"52558","221654","2025-10-06 09:20:25","2025-10-06 09:20:25","2025-09-11","_Paciente quer retornar aos atendimentos da APAE, foi passado tudo e encaminhado para os responsáveis","Concluído","Outros","Pessoal","Principal","Secretaria de Educação"
"52560","213912","2025-10-06 09:21:22","2025-10-06 09:21:22","2025-09-08","Som para festa
100 cadeiras 
tudo para festa da igreja na quadra do Gaspar, dia 10 de outubro","Concluído","Patrocínio Cultural","WhatsApp","Principal",NULL
"52561","221655","2025-10-06 09:25:47","2025-10-06 09:25:47","2025-09-11","_Consulta com Neurologista  
_Dr° Pedro Paulo Lobo","aguardando execuçao","Atendimento médico em ubs clinico geral","WhatsApp","Principal","Secretaria de Saúde"
"52563","221657","2025-10-06 09:28:58","2025-10-06 09:28:58","2025-09-11","_Paciente precisa de fazer cirurgia pedras nas visicula","aguardando execuçao","Atendimento médico em ubs clinico geral","WhatsApp","Principal","Secretaria de Saúde"
"52565","221659","2025-10-06 09:35:56","2025-10-06 09:35:56","2025-09-15","-Solicitou cesta básica, foi passado para o CRAS e entregue","Concluído","Cestas Básicas","WhatsApp","Principal","Ação Social"
"52567","221661","2025-10-06 09:39:18","2025-10-06 09:39:18","2025-09-15","_Recén nascido precisa de fazer uma RNM do Crânio 
_Kauan de Morais Valdino
_Consulta dia 17/09/25 as 13:00 Dr°Marina CAIC","aguardando execuçao","Exames de sangue","WhatsApp","Principal","Secretaria de Saúde"
"52569","221662","2025-10-06 09:45:00","2025-10-06 09:45:00","2025-09-24","_Paciente precisa de fazer fisioterapia,foi marcado e encaminhado para fazer na Faminas dia 29/09 as 9hs","Concluído","Atendimento médico em ubs clinico geral","WhatsApp","Principal","Secretaria de Saúde"
"52570","221663","2025-10-06 09:48:23","2025-10-06 09:48:23","2025-09-15","_Paciente precisa de consulta Psiquiatra com urgência","aguardando execuçao","Atendimento médico em ubs clinico geral","WhatsApp","Principal","Secretaria de Saúde"
"52572","221664","2025-10-06 09:52:09","2025-10-06 09:52:09","2025-09-15","_Paciente precisa RNM Quadril ","aguardando execuçao","Exames de sangue","WhatsApp","Principal","Secretaria de Saúde"
"52573","221665","2025-10-06 09:57:21","2026-01-29 14:56:17","2025-09-15","_Paciente precisa de fazer RNM de Joelho direito","Concluído","Exames de sangue","WhatsApp","Principal","Secretaria de Saúde"
"52575","216954","2025-10-06 10:01:30","2025-10-06 10:01:30","2025-09-15","_Paciente precisa de fazer fisioterapia foi encaminhado para fazer na Faminas dia 29/09 as 8hs ","Concluído","Atendimento médico em ubs clinico geral","WhatsApp","Principal","Secretaria de Saúde"
"52615","221691","2025-10-06 16:03:54","2025-10-06 16:03:54","2025-09-08","Redutor de velocidade na Rua Ana Josefa Correia  - Gaspar","em analise","Outros","WhatsApp","Principal","Secretaria de Obras"
"52616","221692","2025-10-06 16:07:49","2025-10-06 16:07:49","2025-09-08","Asfalto no bairro Recreio que liga na Br 116","aguardando execuçao","Asfalto","WhatsApp","Principal","Secretaria de Obras"
"52618","221698","2025-10-06 16:22:05","2025-10-06 16:22:05","2025-09-10","Solicitou um corrimão na escada que desce para rua de baixo em frente a Fabismar na Rua Marechal Floriano","em analise","Outros","WhatsApp","Principal","Secretaria de Obras"
"52619","214246","2025-10-06 16:24:37","2025-10-06 16:24:37","2025-09-11","Realizar limpeza no beco do cruzeiro, rua muito suja. Rua Doutor Newton Rezende nº 32 no Bairro Encoberta 
foi realizado indicação","aguardando execuçao","Limpeza","WhatsApp","Principal","Secretaria de Serviços Urbanos"
"52620","214246","2025-10-06 16:27:47","2025-10-06 16:27:47","2025-09-11","Solicitar ar condicionado na sala de consulta da UBS do Santo Antônio
Feita indicação","aguardando execuçao","Outros","WhatsApp","Principal","Secretaria de Saúde"
"52622","214246","2025-10-06 16:30:36","2025-10-06 16:30:36","2025-09-12","Realizar indicação solicitando alambrado, caixa dàgua, telhado, refletor, pintura do campo, rede de gol, bola de futebol.
Indicação 1087","aguardando execuçao","Outros","WhatsApp","Principal","Secretaria de Obras"
"52624","221701","2025-10-06 16:37:38","2025-10-06 16:37:38","2025-09-13","Solicita capina na rua transversal a Rua Presidente Kennedy
Foi feita indicação","aguardando execuçao","Limpeza","WhatsApp","Principal","Secretaria de Serviços Urbanos"
"52626","221702","2025-10-06 16:45:11","2025-10-06 16:45:11","2025-09-15","Solicita redutor de velocidade na Rua Mario Celino de Andrade ","em analise","Outros","WhatsApp","Principal","Secretaria de Obras"
"52628","221704","2025-10-06 16:48:41","2025-10-06 16:48:41","2025-09-15","Solicita dedetização na Rua São João Batista, muitos ratos","aguardando execuçao","Outros","WhatsApp","Principal","Secretaria de Serviços Urbanos"
"52629","210752","2025-10-06 16:50:57","2025-10-06 16:50:57","2025-09-15","Desentupir o bueiro no final da Rua Elisio Firmino","em analise","Outros","WhatsApp","Principal","Secretaria de Serviços Urbanos"
"52630","221705","2025-10-06 17:03:07","2025-10-06 17:03:07","2025-09-19","Solicitar ao Demutran para voltar a rota de ônibus que fazia a anos no bairro União
Indicação 1105","aguardando execuçao","Outros","WhatsApp","Principal","Secretaria de Transporte"
"52713","209044","2025-10-07 13:32:35","2025-10-07 13:32:35","2025-10-03","Ônibus para levar as crianças no cinema dia 07/10 manhã e tarde
2 fardos de refrigerante","aguardando execuçao","Transportes solicitacao de viagens ","WhatsApp","Principal","Ação Social"
"52719","221779","2025-10-07 13:51:46","2025-10-07 13:51:46","2025-10-03","Soicitou que fizesse uma visita para Maria Aparecida na Estrada do Divisório (antigo sitio do Botelho - antes da fábrica de móveis) (32) 98440-7561, uma senhora que está precisando muito de ajuda.
Passado para a Secretaria de Desenvolvimento Social e Cras para realizar visita ","Concluído","Cestas Básicas","Pessoal","Principal","Ação Social"
"52721","221780","2025-10-07 14:03:50","2025-10-07 14:03:50","2025-10-02","Solicita uma placa para vaga de carga e descarga
Oficio para o Demutran","aguardando execuçao","Placas, Lombadas e Sinais","WhatsApp","Principal","Secretaria de Trânsito"
"52725","221782","2025-10-07 14:22:44","2025-10-07 14:22:44","2025-10-02","Solicitou limpeza na calçada da rodoviaria, mujito mal cheiro","aguardando execuçao","Limpeza","WhatsApp","Principal","Secretaria de Serviços Urbanos"
"52726","221782","2025-10-07 14:22:51","2025-10-07 14:22:51","2025-10-02","Solicitou limpeza na calçada da rodoviaria, mujito mal cheiro","aguardando execuçao","Limpeza","WhatsApp","Principal","Secretaria de Serviços Urbanos"
"52771","221803","2025-10-07 16:09:17","2025-10-07 16:09:17","2025-09-25","Ajuda para dar entrada no alvará e solicitar 2 banheiros quimicos para cavalgada
Já foi dado entrada no alvará 
aguardando os dados da festa para solicitar o banheiro quimico","aguardando execuçao","Outros","WhatsApp","Principal","Secretaria de Administração"
"52800","212900","2025-10-08 08:26:44","2025-10-08 08:26:44","2025-09-16","CONSULTA UBS GASPAR DIA 24/09 ÁS 13:20","Concluído","Exames de sangue","WhatsApp","Principal","Secretaria de Saúde"
"52802","221820","2025-10-08 08:33:48","2025-10-08 08:33:48","2025-09-16","ENDOSCOPIA - MARCADA PARA DIA 27/09","Concluído","Exames de sangue","WhatsApp","Principal",NULL
"52803","221821","2025-10-08 08:36:11","2025-10-08 08:36:11","2025-09-16","CIRURGIA DE CATARATA","em analise","Exames de sangue","WhatsApp","Principal",NULL
"52804","221822","2025-10-08 08:41:28","2025-10-08 08:41:28","2025-09-16","CONSULTA COM DR. ALOISIO CARDIOLOGISTA","em analise","Exames de sangue","WhatsApp","Principal",NULL
"52805","221823","2025-10-08 08:46:10","2025-10-08 08:46:10","2025-09-16","RNM CRÂNIO","em analise","Exames de sangue","WhatsApp","Principal",NULL
"52806","221824","2025-10-08 08:49:34","2025-10-08 08:49:34","2025-09-16","FISIOTERAPIA DE JOELHOS BILATERAIS
DIA 29/09 ÁS 9 HORAS NA FAMINAS","Concluído","Exames de sangue","WhatsApp","Principal",NULL
"52807","221826","2025-10-08 08:52:53","2025-10-08 08:52:53","2025-09-18","RETIRADA DO DIU 23/10 ÁS 9 HORAS, NO PLANEJAMENTO FAMILIAR","Concluído","Exames de sangue","WhatsApp","Principal",NULL
"52809","221829","2025-10-08 08:55:30","2025-10-08 08:55:30","2025-09-19","DERMATOLOGISTA DIA 25/09 ÁS 8 HORAS NO SESC","Concluído","Exames de sangue","WhatsApp","Principal",NULL
"52812","221830","2025-10-08 08:58:43","2025-10-08 08:58:43","2025-09-22","EXAME DE SANGUE DIA 02/10 NO LABORATÓRIO MUNICIPAL","Concluído","Exames de sangue","WhatsApp","Principal",NULL
"52814","221831","2025-10-08 09:02:10","2025-10-08 09:02:10","2025-09-22","RNM DE COLUNA , TORAX E LOMBAR","em analise","Exames de sangue","WhatsApp","Principal",NULL
"52815","221833","2025-10-08 09:03:59","2025-10-08 09:03:59","2025-09-22","CIRURGIA TORAX","em analise","Exames de sangue","WhatsApp","Principal",NULL
"52816","220543","2025-10-08 09:05:56","2025-10-08 09:05:56","2025-09-22","CONSULTA COM CIRURGIÃO GERAL","em analise","Exames de sangue","WhatsApp","Principal",NULL
"52818","221834","2025-10-08 09:08:14","2025-10-08 09:08:14","2025-09-22","CIRURGIA VASCULAR","em analise","Exames de sangue","WhatsApp","Principal",NULL
"52819","212869","2025-10-08 09:10:42","2025-10-08 09:10:42","2025-09-22","RNM DE JOEHO, RNM DE COLUNA LOMBAR","em analise","Exames de sangue","WhatsApp","Principal",NULL
"52822","219903","2025-10-08 09:12:34","2025-10-08 09:12:34","2025-09-23","CONSULTA COM NEUROLOGISTA","em analise","Exames de sangue","WhatsApp","Principal",NULL
"52823","221821","2025-10-08 09:13:50","2025-10-08 09:13:50","2025-09-23","CIRURGIA DE CATARATA","em analise","Exames de sangue","WhatsApp","Principal",NULL
"52824","221835","2025-10-08 09:18:11","2025-10-08 09:18:11","2025-09-23","ECOCARDIOGRAMA TRANSTORÁCICA,
TOMOGRAFIA DO CRANIO,
USG DOPPLERCOLORIDO DE VASOS,
ELETROCEFALOGRAMA","em analise","Exames de sangue","WhatsApp","Principal",NULL
"52827","221837","2025-10-08 09:22:30","2025-10-08 09:22:30","2025-09-24","TOMOGRAFIA COMPUTADORIZADA DE ABDOMEM SUPERIOR","em analise","Exames de sangue","WhatsApp","Principal",NULL
"52828","221838","2025-10-08 09:26:07","2025-10-08 09:26:07","2025-09-25","CONSULTA OTORINO, DIA 06/10 ÁS 8 HORAS NA UBS PORTO. DRA DANIELE","Concluído","Exames de sangue","WhatsApp","Principal",NULL
"52830","212900","2025-10-08 09:29:41","2025-10-08 09:29:41","2025-09-25","ULTRASONOGRAFIA DE ABDOMEM TOTAL. DIA 03/10 NO PLANEJAMENTO FAMILIAR ÁS 7 HORAS","Concluído","Exames de sangue","WhatsApp","Principal",NULL
"52832","221840","2025-10-08 09:33:05","2025-10-08 09:33:05","2025-09-26","TRANSFERENCIA PARA FUNDAÇÃO","em analise","Exames de sangue","WhatsApp","Principal",NULL
"52968","214246","2025-10-08 16:41:44","2025-10-08 16:41:44","2025-09-30","Solicita o numero de creches e escolas tempo integral no município de Muriaé
Req. 103","aguardando execuçao","Outros","Pessoal","Principal","Secretaria de Educação"
"52971","214246","2025-10-08 16:43:05","2025-10-08 16:43:05","2025-09-30","Indicação para fazer uma nova creche 
Ind. 1136","aguardando execuçao","Outros","Pessoal","Principal","Secretaria de Obras"
"53057","221945","2025-10-10 15:46:05","2025-10-10 15:46:05","2025-09-29","Precisa de medicamento Oncologico
Encaminhado para dar entrada pela defensoria ou câmara técnica","Concluído","Medicamentos","WhatsApp","Principal","Secretaria de Saúde"
"53060","221946","2025-10-10 16:36:54","2025-10-10 16:36:54","2025-09-29","Consulta com ortopedista","em analise","Atendimento médico em ubs clinico geral","WhatsApp","Principal","Secretaria de Saúde"
"53061","221947","2025-10-10 16:39:00","2025-10-10 16:39:00","2025-09-29","Consulta dia 29/09 às 7h na Ubs Dornelas","Concluído","Atendimento médico em ubs clinico geral","WhatsApp","Principal","Secretaria de Saúde"
"53062","221947","2025-10-10 16:40:48","2025-10-10 16:40:48","2025-09-30","Usg Abdominal Total
marcado","Concluído","Exames de sangue","WhatsApp","Principal","Secretaria de Saúde"
"53063","221948","2025-10-10 16:44:25","2025-10-10 16:44:25","2025-10-02","Precisa realizar exame de sangue
Marcado para o dia 09/10 às 6:30h no laboratório Municipal","Concluído","Exames de sangue","WhatsApp","Principal","Secretaria de Saúde"
"53121","221988","2025-10-13 14:14:16","2025-10-13 14:14:16","2025-10-09","Pedir o cras para fazer uma visita para Cristina do Nascimento na Rua Elizabeth de almeida nº97 Bairro Safira","aguardando execuçao","Cestas Básicas","WhatsApp","Principal","Ação Social"
"53123","221990","2025-10-13 14:18:16","2025-10-13 14:18:16","2025-10-09","Pedir para não fazer a faixa elevatória no Dornelas
Foi passado ao Demutran e cancelado","Concluído","Outros","WhatsApp","Principal","Secretaria de Trânsito"
"53126","216914","2025-10-13 14:22:22","2025-10-13 14:22:22","2025-10-10","Limpeza da Lágoa
Realizado indicação 1176","aguardando execuçao","Limpeza","WhatsApp","Principal","Secretaria de Serviços Urbanos"
"53132","221994","2025-10-13 14:31:29","2025-10-13 14:31:29","2025-10-10","Solicita asfalto e canalização rede plurial e de água na Rua João Vicente s/n, Bairro: Santana II
Indicação 1174","aguardando execuçao","Asfalto","WhatsApp","Principal","Secretaria de Serviços Urbanos"
"53139","220225","2025-10-13 14:44:13","2025-10-13 14:44:13","2025-10-10","Iluminação na Rua Teófilo Tostes no bairro União na rua toda
Foi passado para Nadine","aguardando execuçao","Iluminação","Pessoal","Principal","Secretaria de Serviços Urbanos"
"53141","214246","2025-10-13 14:45:55","2025-10-13 14:45:55","2025-10-13","Semáfaro Inteligente
Indicação 1169","aguardando execuçao","Iluminação","Pessoal","Principal","Secretaria de Trânsito"
"53148","214246","2025-10-13 15:02:30","2025-10-13 15:02:30","2025-10-13","Pagamento automatizado
Indicação 1168","aguardando execuçao","Outros","Pessoal","Principal","Secretaria de Trânsito"
"53149","214246","2025-10-13 15:04:06","2025-10-13 15:04:06","2025-10-13","Itinerário rota e horário de ônibus
Requerimento 106","aguardando execuçao","Outros","Pessoal","Principal","Secretaria de Trânsito"
"53150","214246","2025-10-13 15:06:04","2025-10-13 15:06:04","2025-10-13","Velório Antônio Ribeiro da Silva
Passado para assistente social e realizado","Concluído","Outros","WhatsApp","Principal","Ação Social"
"53154","222002","2025-10-13 15:16:01","2025-10-13 15:16:01","2025-10-10","Precisa de um cata treco na rua Simeão Feres
Solicitado","aguardando execuçao","Limpeza","WhatsApp","Principal","Secretaria do Meio Ambiente"
"53168","222009","2025-10-13 16:55:51","2025-10-13 16:55:51","2025-09-25","Limpeza no ribeirão nos fundos da Rua São João Batista, muito mato, lixo e entulho. 
Indicação 1121","aguardando execuçao","Limpeza","WhatsApp","Principal","Secretaria de Serviços Urbanos"
"53241","222044","2025-10-14 13:36:02","2025-10-14 13:36:02","2025-10-14","Solicita limpeza na beira do rio no bairro Napoleão","aguardando execuçao","Limpeza","WhatsApp","Principal","Secretaria de Serviços Urbanos"
"53253","222055","2025-10-14 14:51:33","2025-10-14 14:51:33","2025-10-13","Adiantar o resultado do exame de sangue e exame de arteriografia","aguardando execuçao","Exames de sangue","WhatsApp","Principal","Secretaria de Saúde"
"53256","222058","2025-10-14 15:33:32","2025-10-14 15:33:32","2025-09-16","Precisa fazer RNM do alto campo do crânio","em analise","Exames de sangue","WhatsApp","Principal","Secretaria de Saúde"
"53257","215995","2025-10-14 15:36:09","2025-10-14 15:36:09","2025-09-21","Solicita ajuda para marcar a cirurgia pterigio
Já verificado e não irá demorar chamar","aguardando execuçao","Outros","WhatsApp","Principal","Secretaria de Saúde"
"53259","221836","2025-10-14 15:42:16","2025-10-14 15:42:16","2025-09-23","Cirurgia de hérnia umbilical","aguardando execuçao","Atendimento médico em ubs clinico geral","WhatsApp","Principal","Secretaria de Saúde"
"53268","222065","2025-10-14 16:16:00","2025-10-14 16:16:00","2025-09-26","Consulta com Neuro ou Psiquiatra
Aguardando para ser chamado","aguardando execuçao","Atendimento médico em ubs clinico geral","WhatsApp","Principal","Secretaria de Saúde"
"53409","222158","2025-10-17 10:56:23","2025-10-17 10:56:23","2025-10-16","Avaliação multidisciplinar foi encaminhada para junta reguladora","aguardando execuçao","Atendimento médico em ubs clinico geral","WhatsApp","Principal","Secretaria de Saúde"
"53410","222162","2025-10-17 11:06:15","2025-10-17 11:06:15","2025-10-16","Colonoscopia e Biopsia
Cirurgia Hérnia","em analise","Exames de sangue","WhatsApp","Principal","Secretaria de Saúde"
"53411","222164","2025-10-17 11:09:46","2025-10-17 11:09:46","2025-10-16","Consulta Psiquiatra 
Marcado dia 20/10 às 7h na UBS São Francisco Drº Rogério","Concluído","Atendimento médico em ubs clinico geral","WhatsApp","Principal","Secretaria de Saúde"
"53589","222274","2025-10-20 14:55:44","2025-10-20 14:56:52","2025-10-17","Cirurgia de retirada de nódulo na tireóide
Foi encaminhada para defensoria ou câmara técnica para dar entrada","aguardando execuçao","Outros","WhatsApp","Principal","Secretaria de Saúde"
"53593","221826","2025-10-20 15:13:41","2025-10-20 15:13:41","2025-10-16","Consulta com Psiquiatra
Marcado para o dia 20/10 às 7h na Ubs São Francisco, Drº Rogério","Concluído","Atendimento médico em ubs clinico geral","WhatsApp","Principal","Secretaria de Saúde"
"53594","222164","2025-10-20 15:16:19","2025-10-20 15:16:19","2025-10-15","Consulta Ortopedista 
Marcado para o dia 30/10 às 13h na policlinica do Caic","Concluído","Atendimento médico em ubs clinico geral","WhatsApp","Principal","Secretaria de Saúde"
"53599","222283","2025-10-20 15:29:30","2025-10-20 15:29:30","2025-10-14","Consulta com Oftalmologista","em analise","Exames de sangue","WhatsApp","Principal","Secretaria de Saúde"
"53767","214574","2025-10-22 13:12:15","2025-10-22 13:12:15","2025-10-22","Solicita Exame de Ultrasson 
Marcado para o dia 24/10 às 7h no planejamento familiar","Concluído","Exames de sangue","WhatsApp","Principal","Secretaria de Saúde"
"53769","211545","2025-10-22 13:15:20","2025-10-22 13:15:20","2025-10-21","Consulta com oftalmologista
Marcado para o dia 28/10 às 7h no Caee","Concluído","Atendimento médico em ubs clinico geral","WhatsApp","Principal","Secretaria de Saúde"
"53770","212451","2025-10-22 13:17:03","2025-10-22 13:17:03","2025-10-21","Consulta com Oftalmologista
Marcado para o dia 23/10 às 7h com Drª Lais","Concluído","Atendimento médico em ubs clinico geral","WhatsApp","Principal","Secretaria de Saúde"
"53772","222399","2025-10-22 13:20:34","2025-10-22 13:20:34","2025-10-21","Precisa de uma declaração de residência para marcar um exame de RNM
A UBS do Gaspar providênciou a Declaração","Concluído","Outros","Pessoal","Principal","Secretaria de Saúde"
"53795","222418","2025-10-22 15:52:04","2025-10-22 15:52:04","2025-10-13","Consulta com Ortopedista
Marcado para dia 16/10 às 13h no Caic","Concluído","Atendimento médico em ubs clinico geral","WhatsApp","Principal","Secretaria de Saúde"
"53798","212900","2025-10-22 15:59:43","2025-10-22 15:59:43","2025-10-13","Consulta com ortopedista
Marcado dia 16/10 às 13h no Caic","Concluído","Atendimento médico em ubs clinico geral","WhatsApp","Principal","Secretaria de Saúde"
"53799","222422","2025-10-22 16:02:45","2025-10-22 16:02:45","2025-10-10","Solicita atendimento com Dentista
Marcado dia 10/10 ás 13h na Ubs do Gaspar Drª Katrine","Concluído","Atendimento médico em ubs clinico geral","WhatsApp","Principal","Secretaria de Saúde"
"53803","222426","2025-10-22 16:19:28","2025-10-22 16:19:28","2025-10-10","Fisioterapia
Aguardando liberar ","aguardando execuçao","Atendimento médico em ubs clinico geral","WhatsApp","Principal","Secretaria de Saúde"
"53854","222478","2025-10-23 14:49:06","2025-10-23 14:49:06","2025-10-14","Solicita limpeza do escadão na rua Claúdio Manoel da Costa (em frente à distribuidora Quintão)
Poda de àrvore na mesma rua nº 91
Indicação 1187","aguardando execuçao","Limpeza","WhatsApp","Principal","Secretaria de Serviços Urbanos"
"53856","222480","2025-10-23 14:57:42","2025-10-23 14:57:42","2025-10-15","Limpeza da Rua Julio César Pereira no Bairro Gaspar
Limpeza realizada","Concluído","Limpeza","WhatsApp","Principal","Secretaria de Serviços Urbanos"
"53924","222532","2025-10-24 16:02:26","2025-10-24 16:02:26","2025-10-16","Solicita que arrume os brinquedos da praça do Vermelho 2
Indicação 1186","aguardando execuçao","Outros","WhatsApp","Principal","Secretaria de Serviços Urbanos"
"53925","216867","2025-10-24 16:07:25","2025-10-24 16:07:25","2025-10-16","Solicita limpeza da pracinha do Santa Terezinha
Indicação 1188
Limpeza realizada","Concluído","Limpeza","WhatsApp","Principal","Secretaria de Serviços Urbanos"
"53927","222537","2025-10-24 16:19:33","2025-10-24 16:19:33","2025-10-16","Solicita cata treco na parte baixa na Rua Narciso Dias Rabelo nº269
","em analise","Limpeza","WhatsApp","Principal","Secretaria de Serviços Urbanos"
"53990","214246","2025-10-28 15:13:33","2025-10-28 15:13:33","2025-10-17","Fazer indicação das lixeiras quebradas na pracinha do Bairro Santa Terezinha","em analise","Limpeza","Pessoal","Principal","Secretaria de Serviços Urbanos"
"53991","222559","2025-10-28 15:46:58","2025-10-28 15:46:58","2025-10-20","Precisa de vaga na creche da Escola Maria Quitéria para a filha Ayla Goulart Nacy de OLiveira
Foi verificado com a Cristina e matriculada","Concluído","Vaga em Escolas e Creches","WhatsApp","Principal","Secretaria de Educação"
"53996","222562","2025-10-28 16:30:15","2025-10-28 16:30:15","2025-10-21","Solicita um caminhão cata treco na Rua João Feres nº19 Bairro da Gávea, na Igreja Assembléia de Deus 
Foi realizado a retirado dos móveis","Concluído","Limpeza","WhatsApp","Principal","Secretaria de Serviços Urbanos"
"53998","222563","2025-10-28 16:37:48","2025-10-28 16:37:48","2025-10-21","Precisa de vaga no asilo para o Pai José Roberto Rodrigues Cardoso","aguardando execuçao","Outros","WhatsApp","Principal","Ação Social"
"54033","222585","2025-10-29 14:35:54","2025-10-29 14:35:54","2025-10-28","Velório do Janir José Carneiro
Foi feito auxílio funeral no dia 28/10","Concluído","Outros","WhatsApp","Principal","Ação Social"
"54036","215312","2025-10-29 14:55:54","2025-10-29 14:55:54","2025-10-28","Brinquedos quebrados na pracinha de Itamuri ","em analise","Outros","WhatsApp","Principal","Secretaria de Serviços Urbanos"
"54037","222589","2025-10-29 15:00:48","2025-10-29 15:00:48","2025-10-28","Brinquedos quebrados na pracinha da Barra","em analise","Outros","WhatsApp","Principal","Secretaria de Serviços Urbanos"
"54038","222589","2025-10-29 15:02:38","2025-10-29 15:02:38","2025-10-28","Faixa de pedestre em frente a lanchonete do Airton Dornelas","em analise","Outros","WhatsApp","Principal","Secretaria de Trânsito"
"54040","222589","2025-10-29 15:06:17","2025-10-29 15:06:17","2025-10-28","Buraco na Rua Altino Rodrigues Pereira em frente a fábrica de shampoo","em analise","Outros","WhatsApp","Principal","Secretaria de Serviços Urbanos"
"54041","222589","2025-10-29 15:07:37","2025-10-29 15:07:37","2025-10-28","Faixa de pedestre apagada em frente a escola do bairro Santana","em analise","Outros","WhatsApp","Principal","Secretaria de Trânsito"
"54047","222593","2025-10-29 15:56:15","2025-10-29 15:56:15","2025-10-24","Cosulta com a Doutora Beatriz, Ginecologista","em analise","Atendimento médico em ubs clinico geral","WhatsApp","Principal","Secretaria de Saúde"
"54052","222594","2025-10-29 16:16:01","2025-10-29 16:16:01","2025-10-24","Precisa de Cata Treco na Rua Joana Zém nº06 no Gaspar
Passou hoje no local","Concluído","Limpeza","WhatsApp","Principal","Secretaria de Serviços Urbanos"
"54054","214246","2025-10-29 16:18:36","2025-10-29 16:18:36","2025-10-24","Verificar a forma de marcação e entrega de exames no laboratório do HSP
As pessoas ficam na fila esperando no sol e chuva
Poucos funcionários
Indicação 1206","aguardando execuçao","Outros","WhatsApp","Principal","Secretaria de Saúde"
"54055","215028","2025-10-29 16:23:40","2025-10-29 16:23:40","2025-10-23","Precisa de Cesta Básica
Entregue dia 24/10","Concluído","Cestas Básicas","WhatsApp","Principal","Ação Social"
"54079","222609","2025-10-30 14:47:44","2025-10-30 14:47:44","2025-10-30","Precisa de Fisioterapia
Marcado para o dia 10/11 às 10h na Faminas","Concluído","Outros","Pessoal","Principal","Secretaria de Saúde"
"54081","222611","2025-10-30 15:04:03","2025-10-30 15:04:03","2025-10-30","Precisa de Cesta Básica
Solicitado ao Cras da Barra para realizar visita ","Concluído","Cestas Básicas","WhatsApp","Principal","Ação Social"
"55073","223720","2025-11-24 18:21:28","2025-11-24 18:21:28","2025-11-18","Cadastro Econômico nome e Cep das ruas do Bairro Santana III
Ofício 93","aguardando execuçao","Outros","Pessoal","Principal","Secretaria de Administração"
"55074","223720","2025-11-24 18:23:12","2025-11-24 18:23:12","2025-11-18","Fazer indicação ao Demutran devido aos horários de ônibus no Santana III
Indicação 1304","aguardando execuçao","Transportes solicitacao de viagens ","Pessoal","Principal","Secretaria de Trânsito"
"55075","223720","2025-11-24 18:25:32","2025-11-24 18:25:32","2025-11-18","Fazer indicação ao Demutran sonorizador no bairro Santana III devido ao fluxo de carro na Avenida Clobio Ribeiro Lopes Nº 197
Indicação 1305","aguardando execuçao","Outros","Pessoal","Principal","Secretaria de Trânsito"
"55076","223720","2025-11-24 18:27:03","2025-11-24 18:27:03","2025-11-18","Fazer indicação solicitando capina no bairro Santana III todas as ruas
Indicação 1309","aguardando execuçao","Limpeza","Pessoal","Principal","Secretaria de Serviços Urbanos"
"55077","223720","2025-11-24 18:29:16","2025-11-24 18:29:16","2025-11-18","Fazer indicação das podas de àrvores que estão no fio de alta tensão àrea verde em frente ao nº 420
Oficio energisa 94
Indicação 1307","aguardando execuçao","Outros","Pessoal","Principal","Secretaria do Meio Ambiente"
"55078","223720","2025-11-24 18:31:58","2025-11-24 18:31:58","2025-11-18","Fazer indicação ao setor de obras Jorginho se tem algum terreno da prefeitura para fazer uma praça
Indicação 1308","aguardando execuçao","Outros","Pessoal","Principal","Secretaria de Obras"
"55120","223720","2025-11-25 14:01:32","2025-11-25 14:04:21","2025-11-18","Fazer indicação para vereficar a rede pluvial, precisa do número 197 em diante não tem rede pluvial
Indicação 1311","aguardando execuçao","Outros","Pessoal","Principal","Secretaria de Serviços Urbanos"
"55121","223720","2025-11-25 14:08:10","2025-11-25 14:08:10","2025-11-18","Oficio ao correio em relação da rota no bairro Santana III
Oficio 95","aguardando execuçao","Outros","Outro","Principal","Controladoria Geral"
"55122","223720","2025-11-25 14:15:12","2025-11-25 14:15:12","2025-11-18","Fazer indicação asfaltamento nas ruas (Rua João Martins de Freitas e Rua Luiz Francisco Minarino)
Indicação 1312","aguardando execuçao","Asfalto","Pessoal","Principal","Secretaria de Serviços Urbanos"
"55123","223720","2025-11-25 14:17:37","2025-11-25 14:17:37","2025-11-18","Oficio para Energisa técnico de campo
Oficio 96","aguardando execuçao","Outros","Pessoal","Principal","Controladoria Geral"
"55378","224005","2025-11-28 15:13:25","2025-11-28 15:13:25","2025-11-28","Desratização no Bairro João XXIII na Rua Farmacéutico José Mostaro nº 600 e 615
Já passado para os responsáveis","aguardando execuçao","Outros","WhatsApp","Principal","Secretaria de Serviços Urbanos"
"55382","224008","2025-11-28 15:25:39","2025-11-28 15:25:39","2025-11-27","Pedir para a retirada de galhos, na Rua Sebastião Celestino 435 bairro Safira","aguardando execuçao","Poda de Árvore","WhatsApp","Principal","Secretaria do Meio Ambiente"
"55383","214246","2025-11-28 15:33:11","2025-11-28 15:33:11","2025-11-27","Fiscalização e manutenção calçada do morro do hospital - Esquina Rua Professor Carvalho e Rua Otavio A. Barroso
Indicação 1316","aguardando execuçao","Outros","Pessoal","Principal","Secretaria de Obras"
"55385","224010","2025-11-28 15:39:41","2025-11-28 15:39:41","2025-11-27","Poda de árvore na Rua Coronel Tiburcio nº65 Bairro Barra
Indicação 1317","aguardando execuçao","Poda de Árvore","WhatsApp","Principal","Secretaria do Meio Ambiente"
"55390","224014","2025-11-28 16:05:29","2025-11-28 16:05:29","2025-11-26","Pediu para verificar a quadra do Bairro Santa Terezinha
Passado para o responsável","Concluído","Outros","WhatsApp","Principal","Secretaria de Esporte"
"55392","224015","2025-11-28 16:13:19","2025-11-28 16:13:19","2025-11-24","Pedir Sonorizador para a Rua Lopo cardoso nº340 Bairro Cardoso de Melo
Indicação 1318","aguardando execuçao","Outros","WhatsApp","Principal","Secretaria de Trânsito"
"55395","214246","2025-11-28 16:23:56","2025-11-28 16:23:56","2025-11-24","Pedir para fazer a retirada de um cachorro no Bairro Santana 3, mordendo nos moradores
Foi passado para os responsáveis e feita a retirada no CCZ","Concluído","Outros","WhatsApp","Principal","Secretaria de Serviços Urbanos"
"55396","214246","2025-11-28 16:25:49","2025-11-28 16:25:49","2025-11-23","Velório realizado 23/11, foi feito translado pela prefeitura
Starling da Silva Monteiro","Concluído","Outros","WhatsApp","Principal","Secretaria de Administração"
"55399","224018","2025-11-28 16:38:33","2025-11-28 16:38:33","2025-11-19","Solicitando placa de Proibido Estacionar na Rua Santo Antônio
Fazer indicação ao Demutran","aguardando execuçao","Placas, Lombadas e Sinais","WhatsApp","Principal","Secretaria de Trânsito"
"55424","214246","2025-12-01 11:49:29","2025-12-01 11:49:29","2025-12-19","Pedir para fazer desratização e dedetização no bairro Santana 3","aguardando execuçao","Outros","WhatsApp","Principal","Secretaria de Serviços Urbanos"
"55425","214246","2025-12-01 11:59:57","2025-12-01 11:59:57","2025-11-18","Precisa de saibo na Rua Projetada H no bairro Gaspar
Já foi passado para Doutor Marcos e Paulinho","aguardando execuçao","Outros","Pessoal","Principal","Secretaria de Obras"
"55498","214246","2025-12-02 14:26:10","2025-12-02 14:26:10","2025-10-21","Fazer indicação ao Demutran que estude a mão única no trecho da rua em frente à empresa Hevan Diesel
Indicação 1206","aguardando execuçao","Outros","Pessoal","Principal","Secretaria de Trânsito"
"55500","214246","2025-12-02 14:28:13","2025-12-02 14:28:13","2025-10-23","Fazer requerimento de quantitativo de valores de multas arrecadadas em Muriaé
Indicação 112","aguardando execuçao","Outros","Pessoal","Principal","Secretaria de Trânsito"
"55501","214246","2025-12-02 14:30:09","2025-12-02 14:30:09","2025-10-23","Saber o fluxo das marcações da consultas nas UBS
Indicação 1218 para secretaria de saude","aguardando execuçao","Outros","Pessoal","Principal","Secretaria de Saúde"
"55656","224322","2025-12-04 16:57:17","2025-12-04 16:57:17","2025-11-19","Fazer indicação muro da Rua Geraldo Argemiro da cunha Bairro Santa Luzia
Indicação 1310","aguardando execuçao","Outros","Por telefone","Principal","Secretaria de Obras"
"55687","224360","2025-12-05 15:36:54","2025-12-05 15:36:54","2025-10-30","Fazer indicação limpeza beira do rio 
Avenida Dante Brum, Bairro Dornelas
Indicação 1238","aguardando execuçao","Limpeza","WhatsApp","Principal","Secretaria de Serviços Urbanos"
"55688","224322","2025-12-05 15:43:46","2025-12-05 15:43:46","2025-10-30","Cano estourado no Bairro Santa Luzia, na Rua Geraldo Argemiro da Cunha, em frente ao nº 351","em analise","Outros","WhatsApp","Principal","Secretaria de Serviços Urbanos"
"55689","214246","2025-12-05 15:51:11","2025-12-05 15:51:35","2025-10-30","Requerimento ao Demutran com relação completa dos horários atualizados das linhas Vermelho, Vermelho II e Nova Muriaé.
Requerimento 113","aguardando execuçao","Outros","Pessoal","Principal","Secretaria de Trânsito"
"55691","223720","2025-12-05 16:01:47","2025-12-05 16:01:47","2025-10-30","Fazer indicação pavimentação asfáltica da Rua João Martins de Freitas, Bairro Santana III 
Indicação 1240","aguardando execuçao","Asfalto","WhatsApp","Principal","Secretaria de Obras"
"55692","214246","2025-12-05 16:39:28","2025-12-22 10:44:09","2025-10-31","Fazer indicação melhorias acesso à rampa de entrada da UBS do Bairro Primavera
Indicação 1236","Concluído","Outros","Pessoal","Principal","Secretaria de Obras"
"55699","224375","2025-12-08 08:52:55","2025-12-08 08:52:55","2025-10-30","_Fazer indicação, limpeza e manutenção das poltronas dos ônibus que atende o itinerário Muriaé e Distrito de Vermelho 
_Foi feita indicação ","aguardando execuçao","Transportes solicitacao de viagens ","Pessoal","Principal","Secretaria de Transporte"
"55724","214246","2025-12-08 13:21:05","2025-12-08 13:21:05","2025-12-08","Postes da pracinha parte alta Bairro Gaspar pedir para arrumar lâmpadas apagadas
Passado para Nadine","aguardando execuçao","Iluminação","Pessoal","Principal","Secretaria de Serviços Urbanos"
"55726","221837","2025-12-08 13:31:11","2025-12-09 14:12:18","2025-12-05","Postes apagados na rua 1º de maio (devido a chuva) em frente ao nº 09, 89,143,145 bairro Gaspar","Concluído","Iluminação","WhatsApp","Principal","Secretaria de Serviços Urbanos"
"55727","224463","2025-12-08 13:40:48","2025-12-08 13:40:48","2025-12-04","Fazer indicação dedetização na rua Doutor Francisco Assis de Carvalho Bairro Bom Pastor","aguardando execuçao","Outros","WhatsApp","Principal","Secretaria de Serviços Urbanos"
"55728","224464","2025-12-08 13:47:28","2025-12-08 13:47:28","2025-12-02","Transporte para a consulta em Juiz de Fora no dia 04/12
Marcado para o dia 04/12 às 9h","Concluído","Transportes solicitacao de viagens ","WhatsApp","Principal","Secretaria de Transporte"
"55729","224465","2025-12-08 13:58:04","2025-12-08 13:58:04","2025-12-02","Vaga na creche da E. M. Ricardo Oliveira Morais no Bairro Safira, para o filho Davi de 1 ano e 5 meses
Verificado com a Cristina e encaminhado a mãe para a matrícula","Concluído","Vaga em Escolas e Creches","WhatsApp","Principal","Secretaria de Educação"
"55730","224466","2025-12-08 14:11:33","2025-12-08 14:11:33","2025-12-01","Fazer indicação escadão do Bairro Santo Antônio, reparo na escada, corrimão, beco vila São Paulo","aguardando execuçao","Outros","WhatsApp","Principal","Secretaria de Obras"
"55731","224469","2025-12-08 15:27:57","2025-12-08 15:27:57","2025-11-19","Desratização na Rua São João Batista Bairro Gaspar
Realizado dia 28/11/25","Concluído","Outros","WhatsApp","Principal","Secretaria de Serviços Urbanos"
"55738","215537","2025-12-08 16:41:53","2025-12-08 16:41:53","2025-11-18","Precisa de uma palestrante para um movimento Civico na Escola Estadual Bairro São Pedro
Foi passado para Eliane Planejamento Familiar","Concluído","Outros","WhatsApp","Principal","Ação Social"
"55817","224375","2025-12-09 14:15:15","2025-12-09 14:15:15","2025-11-17","Solicita Cata treco no Vermelho 2","em analise","Limpeza","WhatsApp","Principal","Secretaria de Serviços Urbanos"
"56227","225133","2025-12-18 09:46:19","2025-12-18 09:46:19","2025-10-02","cirrurgia de nariz pelo TFD","aguardando execuçao","Exames de sangue","Pessoal","Principal",NULL
"56229","215819","2025-12-18 09:49:19","2025-12-18 09:49:19","2025-12-18","consulta - Bernardo Santos Carvalho, UBS  Santa Terezinha. Dra Tais","Concluído","Exames de sangue","Pessoal","Principal","Secretaria de Saúde"
"56230","216122","2025-12-18 09:51:59","2025-12-18 09:51:59","2025-10-07","consulta ortopedista 09-10 CAIC","Concluído","Exames de sangue","Instagram","Principal","Secretaria de Saúde"
"56231","221946","2025-12-18 09:54:21","2025-12-18 09:54:21","2025-10-07","consulta ortopedista 22-10. Dr Davi Leite","Concluído","Exames de sangue","Pessoal","Principal","Secretaria de Saúde"
"56235","225140","2025-12-18 10:26:14","2025-12-18 10:26:14","2025-10-07","cadeira de rodas para a mãe","Concluído","Auxilio Doença","Pessoal","Principal","Ação Social"
"56236","225141","2025-12-18 10:28:47","2025-12-18 10:28:47","2025-10-07","Exame no Planejamento familiar dia 08-10","Concluído","Exames de sangue","Pessoal","Principal",NULL
"56237","225143","2025-12-18 10:31:23","2025-12-18 10:31:23","2025-10-08","FISIOTERAPIA","Concluído","Exames de sangue","Pessoal","Principal","Ação Social"
"56240","225144","2025-12-18 10:33:50","2025-12-18 10:33:50","2025-10-08","ADIANTAR CIRURGIA DE VISICULA","em analise","Exames de sangue","Pessoal","Principal","Secretaria de Saúde"
"56241","225145","2025-12-18 10:38:03","2025-12-18 10:38:03","2025-10-08","PSICOLOGA","em analise","Atendimento médico em ubs clinico geral","Pessoal","Principal","Ação Social"
"56242","225144","2025-12-18 10:39:37","2025-12-18 10:39:37","2025-10-09","CIRURGIA DE VISICULA","em analise","Atendimento médico em ubs clinico geral","Pessoal","Principal",NULL
"56245","225147","2025-12-18 10:41:43","2025-12-18 10:41:43","2025-10-09","CONSULTA COM DR CLÁUDIO ROGÉRIO","Concluído","Exames de sangue","Pessoal","Principal",NULL
"56246","225148","2025-12-18 10:44:45","2025-12-18 10:44:45","2025-10-09","EXAME DE SANGUE NO LABORATORIO MUNICIPAL E ECOCARDIOGRAMA","Concluído","Exames de sangue","Pessoal","Principal",NULL
"56249","225152","2025-12-18 10:48:05","2025-12-18 10:48:05","2025-10-22","OPERAÇÃO DE HÉRNIA, ENCAMINHADOA SECRETARIA DE SAÚDE","aguardando execuçao","Atendimento médico em ubs clinico geral","Pessoal","Principal",NULL
"56250","222593","2025-12-18 10:51:37","2025-12-18 10:51:37","2025-11-04","CONSULTA DRA BEATRIZ 24-11,  UBS PRIMAVERA","Concluído","Atendimento médico em ubs clinico geral","Pessoal","Principal",NULL
"56254","225158","2025-12-18 11:18:15","2025-12-18 11:18:15","2025-11-03","COLOCAR IMPLANON","aguardando execuçao","Atendimento médico em ubs clinico geral","Pessoal","Principal",NULL
"56255","225163","2025-12-18 11:23:56","2025-12-18 11:23:56","2025-11-03","EXAME DE SANGUE","Concluído","Exames de sangue","Pessoal","Principal","Secretaria de Saúde"
"56256","225166","2025-12-18 11:26:59","2025-12-18 11:26:59","2025-11-03","COLONOSPIA","Concluído","Exames de sangue","Pessoal","Principal",NULL
"56258","225169","2025-12-18 11:31:05","2025-12-18 11:31:05","2025-11-03","ECOCARDIOGRAMA TRANSTORAXICA","Concluído","Exames de sangue","Pessoal","Principal",NULL
"56260","225170","2025-12-18 11:36:52","2025-12-18 11:36:52","2025-11-03","HUGO SORRENTINO MENEZES MARGUES - FOI ENCAMINHADO PARA JUNTA REGULADORA. AUTISTA SÍNDROME DE ISAC E FALTA DE OXIGENIO","em analise","Vaga em Escolas e Creches","Pessoal","Principal",NULL
"56264","216228","2025-12-18 13:12:57","2025-12-18 13:12:57","2025-12-09","Pedir para fazer dedetização muitos escorpiões na Rua Rosely Fintelman Zem Bairro Gaspar","em analise","Outros","WhatsApp","Principal","Secretaria de Serviços Urbanos"
"56265","214246","2025-12-18 13:15:30","2025-12-22 09:12:24","2025-12-09","Cata treco no Gaspar","Concluído","Outros","Pessoal","Principal","Secretaria de Serviços Urbanos"
"56266","214246","2025-12-18 13:51:07","2025-12-18 13:51:55","2025-12-08","Postes apagados na Br116 próximo ao radar que dar acesso ao Bairro gaspar
Passado para Nadine e feito o cadastro da solicitação","aguardando execuçao","Iluminação","Pessoal","Principal","Secretaria de Serviços Urbanos"
"56267","214246","2025-12-18 13:56:07","2025-12-18 13:56:07","2025-12-08","Postes apagados no distrito de Itamuri","aguardando execuçao","Iluminação","Pessoal","Principal","Secretaria de Serviços Urbanos"
"56314","225221","2025-12-22 09:15:17","2025-12-22 09:15:17","2025-11-05","RNM DA COLUNA TORÁXICA","em analise","Exames de sangue","Pessoal","Principal","Secretaria de Saúde"
"56315","225222","2025-12-22 09:18:42","2025-12-22 09:18:42","2025-11-05","CONSULTA COM NEUROLOGISTA, MARCADO PARA O DIA 06-11 ÁS 7 HORAS COM A DRA. THAIS","Concluído","Atendimento médico em ubs clinico geral","Pessoal","Principal","Secretaria de Saúde"
"56316","225223","2025-12-22 09:25:14","2025-12-22 09:25:14","2025-11-05","PRECISA FAZER CIRURGIA RINOFIMA E DEFOMIDADE. FOI ENCAMINHADA A DA ENTRADA NA DEFENSORIA PÚBLICA","aguardando execuçao","Atendimento médico em ubs clinico geral","Pessoal","Principal","Secretaria de Saúde"
"56318","225224","2025-12-22 09:28:02","2025-12-22 09:28:02","2025-11-07","CONSULTA NA FUNDAÇÃO, MARCADO 25-11 ÁS 10 HORAS","aguardando execuçao","Atendimento médico em ubs clinico geral","Pessoal","Principal","Secretaria de Saúde"
"56319","225225","2025-12-22 09:30:13","2025-12-22 09:30:13","2025-11-07","PRECISA DE CONSULTA COM NEUROLOGISTA","em analise","Atendimento médico em ubs clinico geral","Pessoal","Principal","Secretaria de Saúde"
"56320","225227","2025-12-22 09:35:14","2025-12-22 09:35:14","2025-11-11","EXAME DE SANGUE DIA 14/11","Concluído","Atendimento médico em ubs clinico geral","Pessoal","Principal","Secretaria de Saúde"
"56321","225229","2025-12-22 09:41:17","2025-12-22 09:41:17","2025-11-11","EXAME DE SANGUE MARCADO PARA DIA 14/11","Concluído","Exames de sangue","Pessoal","Principal","Secretaria de Saúde"
"56322","225231","2025-12-22 09:45:03","2025-12-22 09:45:03","2025-11-11","USG DE ABDOMEN TOTAL, DIA 12/11 NO PLANEJAMENTO FAMILIAR","Concluído","Exames de sangue","Pessoal","Principal","Secretaria de Saúde"
"56324","225240","2025-12-22 10:23:16","2025-12-22 10:23:16","2025-10-10","_Foi passado para os responsáveis e feito","Concluído","Outros","WhatsApp","Principal","Secretaria de Serviços Urbanos"
"56325","225241","2025-12-22 10:23:57","2025-12-22 10:23:57","2025-11-17","CONSULTA OTORINO 26/11 8HORAS UBS PORTO","Concluído","Exames de sangue","Pessoal","Principal","Secretaria de Saúde"
"56326","225242","2025-12-22 10:27:15","2025-12-22 10:27:15","2025-11-17","CONSULTA GINICOLOGISTA DIA 01/12 AS 7 HORAS NA UBS PRIMAVERA","Concluído","Atendimento médico em ubs clinico geral","Pessoal","Principal","Secretaria de Saúde"
"56327","214246","2025-12-22 10:27:52","2025-12-22 10:27:52","2025-10-15","_Fazer requerimento detalhado sobre o andamento da obra de reforma e ampliação do HSP ","aguardando execuçao","Outros","Pessoal","Principal","Secretaria de Administração"
"56328","225141","2025-12-22 10:28:57","2025-12-22 10:28:57","2025-11-17","CONSULTA COM PSIQUIATRA DIA 17/11 AS 12 HORAS NA UBS SÃO FRANCISCO - DR ROGÉRIO","Concluído","Atendimento médico em ubs clinico geral","Pessoal","Principal","Secretaria de Saúde"
"56330","225244","2025-12-22 10:34:19","2025-12-22 10:34:19","2025-11-18","CIRURGIA FEITA NA CASA DE SAUDE FEITA DIA 22/11 NA CASA DE SAÚDE E TRANFERIDA PARA O HOSPITAL SÃO PAULO","Concluído","Exames de sangue","Pessoal","Principal","Secretaria de Saúde"
"56331","214246","2025-12-22 10:34:31","2025-12-22 10:34:31","2025-10-15","_Fazer requerimento ao diretor do HSP, possibilidade de criação de uma sala de observação exclusiva para crianças","aguardando execuçao","Outros","Pessoal","Principal","Secretaria de Saúde"
"56332","225245","2025-12-22 10:35:48","2025-12-22 10:35:48","2025-11-18","OTORINO DIA 03/12 AS 7 HORAS NA UBS DO PORTO, DRA DANIELA","Concluído","Exames de sangue","Pessoal","Principal","Secretaria de Saúde"
"56333","225247","2025-12-22 10:38:36","2025-12-22 10:38:36","2025-11-19","CONSULTA PSIQUIATRA - DR ROGÉRIO","aguardando execuçao","Exames de sangue","Pessoal","Principal","Secretaria de Saúde"
"56334","225246","2025-12-22 10:38:46","2025-12-22 10:38:46","2025-10-15","_Pedir parar fazer limpeza da Rua São João Batista Bairro Gaspar, muito barro foi passado para os responsáveis e feito a limpeza.","Concluído","Limpeza","Por telefone","Principal","Secretaria de Serviços Urbanos"
"56335","211021","2025-12-22 10:42:35","2025-12-22 10:42:35","2025-11-22","PRECISA DE CIRURGIA NO MAXILAR , COM COMPLICAÇÕES NOSDENTES, FOI ENCAMINHADO E FEITO NO HOSPITAL SÃO PAULO","Concluído","Atendimento médico em ubs clinico geral","Pessoal","Principal","Secretaria de Saúde"
"56337","212869","2025-12-22 10:45:27","2025-12-22 10:45:27","2025-11-22","RNM DOS JOELHOS
RNM DA COLUNA LOMBAR","aguardando execuçao","Exames de sangue","Pessoal","Principal","Secretaria de Saúde"
"56338","225248","2025-12-22 10:48:44","2025-12-22 10:48:44","2025-11-24","CONSULTA COM PSIQUIATRA - DR ROGÉRIO, DIA 01/12 AS 7 HORAS NA UBS SÃO FRANCISCO","Concluído","Atendimento médico em ubs clinico geral","Pessoal","Principal","Secretaria de Saúde"
"56339","214246","2025-12-22 10:49:33","2025-12-22 10:49:33","2025-10-20","-Foi feito uma moção de pesar a familia de Gilmar Melo Magalhães, homem integro, trabalhador,exemplo de vida ","Concluído","Outros","Pessoal","Principal","Secretaria de Administração"
"56340","214246","2025-12-22 10:52:24","2025-12-22 10:52:24","2025-10-20","_Foi feito moção de aplausos a defesa civil de Muriaé, pelos relevantes serviços prstados a população de Muriaeense.","Concluído","Outros","Pessoal","Principal","Secretaria de Administração"
"56341","225249","2025-12-22 10:54:13","2025-12-22 10:54:13","2025-11-25","CIRURGIA DE CATARATA","aguardando execuçao","Atendimento médico em ubs clinico geral","Pessoal","Principal","Secretaria de Saúde"
"56342","224666","2025-12-22 10:55:06","2025-12-22 10:55:06","2025-11-25","CONSULTA OTORINO","aguardando execuçao","Atendimento médico em ubs clinico geral","Pessoal","Principal","Secretaria de Saúde"
"56344","225251","2025-12-22 10:57:41","2025-12-22 10:57:41","2025-11-25","CONSULTA MEDICO DE RIM, NEFROLOGISTA DIA 08/12 AS 7 HORAS NO CEAE","Concluído","Atendimento médico em ubs clinico geral","Pessoal","Principal","Secretaria de Saúde"
"56347","215027","2025-12-22 11:00:06","2025-12-22 11:00:06","2025-11-25","CONSULTA DR TALITA ENDOCRINOLOGISTA DIA 27/11 AS 13 HORAS NA UBS SÃO CRISTÓVÃO","Concluído","Atendimento médico em ubs clinico geral","Pessoal","Principal","Secretaria de Saúde"
"56348","225252","2025-12-22 11:01:02","2025-12-22 11:01:02","2025-11-03","_Pedir para fazer reparo,rede esgoto rebentada na rua 7 de Setembro bairro Gaspar 
_Foi passado e feito ","Concluído","Saneamento, Água e Esgoto","WhatsApp","Principal","Secretaria de Obras"
"56349","216045","2025-12-22 11:03:18","2025-12-22 11:03:18","2025-11-25","CIRURGIA DE VARIZES","Concluído","Atendimento médico em ubs clinico geral","Por telefone","Principal","Secretaria de Saúde"
"56350","225239","2025-12-22 11:05:27","2025-12-22 11:05:27","2025-11-04","_Foi entregue cesta básica ","Concluído","Cestas Básicas","WhatsApp","Principal","Ação Social"
"56351","225253","2025-12-22 11:07:14","2025-12-22 11:07:14","2025-11-26","CONSULTA NEUROLOGISTA","aguardando execuçao","Atendimento médico em ubs clinico geral","Pessoal","Principal","Secretaria de Saúde"
"56352","214246","2025-12-22 11:08:31","2025-12-22 11:08:31","2025-11-04","_ Fazer indicação solicitando as empresas terceirizadas para refazer os asfaltos em vias afetadas por obras de rede esgoto","aguardando execuçao","Outros","Pessoal","Principal","Secretaria de Obras"
"56353","221947","2025-12-22 11:08:34","2025-12-22 11:08:34","2025-11-26","CONSULTA DIA 26/11 UBS GASPAR - DR REBECA","Concluído","Atendimento médico em ubs clinico geral","Pessoal","Principal","Secretaria de Saúde"
"56354","222065","2025-12-22 11:10:44","2025-12-22 11:10:44","2025-11-25","CONSULTA PSIQUITRA 11/12 AS 7 HORAS NA UBS SÃO FRANCISCO - DR JOSÉ MARIA","Concluído","Atendimento médico em ubs clinico geral","Pessoal","Principal","Secretaria de Saúde"
"56355","225255","2025-12-22 11:17:12","2025-12-22 11:17:12","2025-11-05","_Buraco na rua Dom Pedro 1 Bairro Gaspar, foi encaminhado e feito ","Concluído","Outros","Por telefone","Principal","Secretaria de Obras"
"56356","225256","2025-12-22 11:20:57","2025-12-22 11:20:57","2025-11-06","_Pedir para arrumar rede esgoto rebentada em frente ao N°20, foi passado e feito","Concluído","Saneamento, Água e Esgoto","WhatsApp","Principal","Secretaria de Serviços Urbanos"
"56357","225257","2025-12-22 11:26:54","2025-12-22 11:26:54","2025-11-11","_Pedir para cortar uma árvore que está prejudicando a casa Rua Joaquim Rodrigues de Almeida N°19 Bairro São Joaquim casa Eusileni","aguardando execuçao","Poda de Árvore","WhatsApp","Principal","Secretaria do Meio Ambiente"
"56358","225254","2025-12-22 11:30:48","2025-12-22 11:30:48","2025-11-26","CONSULTA UROLOGISTA, POS CIRURGIA MAIS DE 2 ANOS COM ALGUMAS COMPLICAÇÕES","aguardando execuçao","Atendimento médico em ubs clinico geral","Pessoal","Principal","Secretaria de Saúde"
"56359","214243","2025-12-22 11:34:41","2025-12-22 11:34:41","2025-11-27","CONSULTA UROLOGISTA","aguardando execuçao","Atendimento médico em ubs clinico geral","Pessoal","Principal","Secretaria de Saúde"
"56360","225260","2025-12-22 11:36:51","2025-12-22 11:36:51","2025-11-27","CONSULTA COM DR. SONIA - UBS SANTANA","Concluído","Atendimento médico em ubs clinico geral","Pessoal","Principal","Secretaria de Saúde"
"56361","225259","2025-12-22 11:36:56","2025-12-22 11:36:56","2025-11-12","_Pedir para fazer retirada das árvores cortadas na rua das Carmélias esquina com a rua da Samambaia perto do N°245","Concluído","Poda de Árvore","WhatsApp","Principal","Secretaria do Meio Ambiente"
"56362","225258","2025-12-22 11:38:12","2025-12-22 11:38:12","2025-11-27","RNM MEMBROS INFERIORES","aguardando execuçao","Atendimento médico em ubs clinico geral","Pessoal","Principal","Secretaria de Saúde"
"56363","225261","2025-12-22 11:43:48","2025-12-22 11:43:48","2025-11-13","_Pedir para arrumar iluminação da pracinha entrada do bairro Gaspar, foi passado e feito","Concluído","Iluminação","WhatsApp","Principal","Secretaria de Serviços Urbanos"
"56364","222274","2025-12-22 11:45:14","2025-12-22 11:45:14","2025-11-28","CONSULTA DR WILSON BATISTA DIA 08/12 AS 8 HORAS NO AMBULATORIO","Concluído","Atendimento médico em ubs clinico geral","Pessoal","Principal","Secretaria de Saúde"
"56365","225262","2025-12-22 11:46:44","2025-12-22 11:46:44","2025-11-28","CONSULTA COM DERMATOLOGISTA DIA 04/12 AS 8 HORAS NO SESC - DRA KARINE","Concluído","Atendimento médico em ubs clinico geral","Pessoal","Principal","Secretaria de Saúde"
"56366","225263","2025-12-22 11:47:32","2025-12-22 11:47:32","2025-11-28","CIRURGIA CATARATA","aguardando execuçao","Atendimento médico em ubs clinico geral","Pessoal","Principal","Secretaria de Saúde"
"56367","225264","2025-12-22 11:48:18","2025-12-22 11:48:18","2025-11-13","_Pedir a secretaria de obras para arrumar um buraco que abril no asfalto rua São João Batista bairro Gaspar","Concluído","Outros","WhatsApp","Principal","Secretaria de Obras"
"56368","218027","2025-12-22 11:51:51","2025-12-22 11:51:51","2025-11-14","_Pedir para fazer limpeza e capina nas ruas, foi passado e feito","Concluído","Limpeza","WhatsApp","Principal","Secretaria de Serviços Urbanos"
"56369","219530","2025-12-22 11:52:03","2025-12-22 11:52:03","2025-12-01","EXAME TC - ABDOME TOTAL, FOI ENCAMINHADO E LIBERADO DIA 03/12 HOSPITAL SÃO PAULO AS 15 HORAS","Concluído","Exames de sangue","Pessoal","Principal","Secretaria de Saúde"
"56370","221947","2025-12-22 11:52:48","2025-12-22 11:52:48","2025-12-01","RN OMBRO","aguardando execuçao","Exames de sangue","Pessoal","Principal","Secretaria de Saúde"
"56385","214246","2025-12-23 08:08:07","2025-12-23 08:08:07","2025-11-17","_Fazer indicação da conclusão e liberação da via de drenagem pluvial no bairro Rosário 
_Indicação secretaria de obras.","Concluído","Outros","Pessoal","Principal","Secretaria de Obras"
"56386","225268","2025-12-23 08:13:23","2025-12-23 08:13:23","2025-11-17","_Morador precisa ter acesso ao porteira a dentro,foi encaminhado e passado como deveria ter feito","Concluído","Outros","WhatsApp","Principal","Secretaria da Fazenda"
"56387","225269","2025-12-23 08:17:29","2025-12-23 08:17:29","2025-11-18","_Fazer indicação na estrada da Vila Santa Rita difícil acesso, precisa de saibro ","aguardando execuçao","Outros","WhatsApp","Principal","Secretaria de Obras"
"56388","225270","2025-12-23 08:20:53","2025-12-23 08:20:53","2025-11-18","_Fazer indicação do muro do cemitério que caiu Distrito De Itamuri","aguardando execuçao","Outros","WhatsApp","Principal","Secretaria de Obras"
"56389","214246","2025-12-23 08:23:00","2025-12-23 08:23:00","2025-11-27","_Moção de pesar para familiares da Vilma uma pessoa maravilhosa","Concluído","Outros","Pessoal","Principal","Secretaria de Cultura"
"56390","214246","2025-12-23 08:27:11","2025-12-23 08:27:11","2025-12-01","_Fazer requerimento a saúde e epdemiologia referente aos números de casos","Concluído","Outros","Pessoal","Principal","Secretaria de Saúde"
"56391","214246","2025-12-23 08:32:17","2025-12-23 08:32:17","2025-12-01","_Oficio ao DNIT resposta a Munik
_Fazer indicação para secretaria de obras ","Concluído","Outros","Pessoal","Principal","Secretaria de Trânsito"
"56395","225271","2025-12-23 08:40:30","2025-12-23 08:40:30","2025-12-02","_Fazer indicação limpeza da pracinha, manutenção de brinquedos quebrados
_Dedetização
_Bairro Cardoso de Melo","aguardando execuçao","Limpeza","WhatsApp","Principal","Secretaria do Meio Ambiente"
"56397","225272","2025-12-23 08:44:51","2025-12-23 08:44:51","2025-12-11","_Fazer indicação limpeza e capina pracinha do bairro Safira e Rua José de Abreu
_Foi encaminhado e passado para os responsáveis","aguardando execuçao","Limpeza","WhatsApp","Principal","Secretaria do Meio Ambiente"
"56398","225273","2025-12-23 08:49:58","2025-12-23 08:49:58","2025-12-15","_Moradora pediu para fazer reparos no bebedouro de água com defeito 
_Rua da Rede UAI","aguardando execuçao","Outros","WhatsApp","Principal","Secretaria de Serviços Urbanos"
"56399","219903","2025-12-23 08:54:26","2025-12-23 08:54:26","2025-12-15","_Fazer indicação ao setor de obras, para fazer reparos no meio fio da rua Presidente Kennedy, devido a quantidade de água descendo para as casas da rua de baixo","aguardando execuçao","Outros","WhatsApp","Principal","Secretaria de Obras"
"56400","214246","2025-12-23 08:56:58","2025-12-23 08:56:58","2025-12-15","_Fazer indicação ao setor de obras para fazer reparos no muro da 7 de Setembro","aguardando execuçao","Outros","Pessoal","Principal","Secretaria de Obras"
"56402","225275","2025-12-23 09:21:52","2025-12-23 09:21:52","2025-12-16","_Fazer indicação, vistorias das ruas do bairro São Cristovão
_Foi passado para os responsáveis","aguardando execuçao","Outros","WhatsApp","Principal","Secretaria de Obras"
"56403","206716","2025-12-23 09:26:27","2025-12-23 09:26:27","2025-12-16","_Moradora pediu para fazer reparo no asfalto erosão, bairro São Joaquim 
_Já foi passado para os responsáveis","aguardando execuçao","Asfalto","WhatsApp","Principal","Secretaria de Obras"
"56404","215027","2025-12-23 09:32:47","2025-12-23 09:32:47","2025-12-16","_Moradora reclamou que cano de rede esgosto arrebentou na rua São João Batista bairro Gaspar 
_Foi passado para o DEMSUR e feito","Concluído","Saneamento, Água e Esgoto","WhatsApp","Principal","Secretaria de Obras"
"56405","214246","2025-12-23 09:35:02","2025-12-23 09:35:02","2025-12-16","_Fazer nota sobre a obra do São Cristovão para os moradores
_Foi feito","Concluído","Outros","WhatsApp","Principal","Secretaria de Serviços Urbanos"
"56406","222480","2025-12-23 09:37:28","2025-12-23 09:37:28","2025-12-17","_Pedir para fazer limpeza na rua Júlio César Pereira Bairro Gaspar, muito barro na rua difícil acesso","Concluído","Limpeza","WhatsApp","Principal","Secretaria de Serviços Urbanos"
"56408","225276","2025-12-23 09:41:01","2025-12-23 09:41:01","2025-12-17","_Fazer indicação para jogar saibro na estrada do Ivaí, difícil acesso muito barro ","aguardando execuçao","Limpeza","WhatsApp","Principal","Secretaria de Serviços Urbanos"
"56409","213307","2025-12-23 09:44:12","2025-12-23 09:44:52","2025-12-17","_Pedir para fazer indicação estrada alagando, dificultando o acesso perto da escola distrito Macuco
_Foi feito a indicação","aguardando execuçao","Outros","WhatsApp","Principal","Secretaria de Obras"
"56411","222802","2025-12-23 09:47:18","2025-12-23 09:47:18","2025-12-17","_Pedir para trocar lâmpada queimada nos postes perto da pracinha 
_Rua Rosely Fitelman Zem Bairro Gaspar próximo ao N°255
_Foi feito","Concluído","Iluminação","WhatsApp","Principal","Secretaria de Obras"
"56412","225272","2025-12-23 09:49:35","2025-12-23 09:49:35","2025-12-18","_Pedir para fazer retirada de um carro na rua Jhon Cardoso De Melo próximo ao N°70
_Foi encaminhado ao DETRAM","aguardando execuçao","Outros","WhatsApp","Principal","Secretaria de Trânsito"
"56413","225277","2025-12-23 09:53:02","2025-12-23 09:53:02","2025-12-18","_Moradora solicitou cesta básica, foi passado para o CRAS e entregue","Concluído","Cestas Básicas","WhatsApp","Principal","Ação Social"
"56414","225278","2025-12-23 09:57:43","2025-12-23 09:57:43","2025-12-18","_Moradora pediu ajuda para conseguir aluguel social casa desativada
_Foi encaminhada a procurar os responsáveis","aguardando execuçao","Outros","WhatsApp","Principal","Ação Social"
"56415","214246","2025-12-23 09:59:51","2025-12-23 09:59:51","2025-12-16","_Fazer indicação para tampar os buracos bairro Santana 3","aguardando execuçao","Outros","WhatsApp","Principal","Secretaria de Obras"
"56416","207205","2025-12-23 10:01:59","2025-12-23 10:01:59","2025-07-27","_Pedir para passar cata treco no bairro Gaspar, foi feito","Concluído","Outros","WhatsApp","Principal","Secretaria de Serviços Urbanos"
"56417","214246","2025-12-23 10:05:27","2025-12-23 10:05:27","2025-09-29","_Moção de aplausos para esse excelente profissional","Concluído","Outros","Pessoal","Principal","Secretaria de Cultura"
"56419","214246","2025-12-23 10:09:16","2025-12-23 10:09:16","2025-12-23","_Foi feito requerimento ao Dr Geni DEMUTTRAM e área azul solicitando uma reunião ","Concluído","Outros","WhatsApp","Principal","Secretaria de Trânsito"
"56420","214246","2025-12-23 10:11:42","2025-12-23 10:11:42","2025-10-10","_Foi feito um projeto de lei de inauguração a obra do bairro Gaspar em homenagem ao Sr Orlando Silva","Concluído","Outros","Pessoal","Principal","Secretaria de Obras"
"56421","225272","2025-12-23 10:15:32","2025-12-23 10:15:32","2025-11-12","_Moradores pediram podas de árvores na rua Manoel Florentino De Carvalho do N°65 ao 115 Bairro Cardoso de Melo ","aguardando execuçao","Poda de Árvore","WhatsApp","Principal","Secretaria de Serviços Urbanos"
"56423","214246","2025-12-23 11:47:29","2025-12-23 11:47:29","2025-12-22","_Pedir para fazer limpeza do escadão do bairro Inconfidência muito mato atrapalhando a passagem
_Foi feita a indicação","aguardando execuçao","Limpeza","WhatsApp","Principal","Secretaria do Meio Ambiente"
"56424","214246","2025-12-23 11:49:30","2025-12-23 11:49:30","2025-12-22","_Moradores relataram um buraco aberto na rua Gaspar Zem bairro Gaspar 
_Foi encaminhado e passado ao DEMSUR e feito ","Concluído","Saneamento, Água e Esgoto","WhatsApp","Principal","Secretaria de Obras"
"56425","207165","2025-12-23 11:51:27","2025-12-23 11:51:27","2025-12-22","_Pedir para fazer limpeza da pracinha parte alta do bairro Gaspar 
_Já foi encaminhado","aguardando execuçao","Limpeza","WhatsApp","Principal","Secretaria do Meio Ambiente"
"56426","225321","2025-12-23 11:59:36","2025-12-23 11:59:36","2025-12-19","_Pedir para fazer indicação estrada do Capetinga dificil acesso, pedir para passar a máquina, muito barro 
_Pedir para jogar saibro ","aguardando execuçao","Outros","WhatsApp","Principal","Secretaria de Obras"
"56427","206716","2025-12-23 12:01:54","2025-12-23 12:01:54","2025-12-19","_Pedir para fazer indicação asfalto com erosão 
_Rua Floresta Bairro São Joaquim","aguardando execuçao","Outros","WhatsApp","Principal","Secretaria de Obras"
"56462","224465","2026-01-05 11:20:45","2026-01-05 11:20:45","2025-12-12","_Doação de cesta básica ","Concluído","Outros","WhatsApp","Principal","Ação Social"
"56463","225472","2026-01-05 11:24:44","2026-01-05 11:24:44","2025-12-16","_Doação de 3 cestas básicas para fazer sorteio na festa da ASCAMAREM","Concluído","Cestas Básicas","WhatsApp","Principal","Ação Social"
"56490","225496","2026-01-05 16:24:24","2026-01-05 16:24:24","2026-01-05","Solicitando manutenção no poste que está apagado
Rua 7 de setembro 120 Gaspar
Já Solicitado para Nadine e Iluminação","aguardando execuçao","Iluminação","WhatsApp","Principal","Secretaria de Serviços Urbanos"
"56491","215028","2026-01-05 16:28:49","2026-01-05 16:28:49","2026-01-05","Solicitando Cesta Básica
Já solicitado ao Cras","aguardando execuçao","Cestas Básicas","WhatsApp","Principal","Ação Social"
"56492","213702","2026-01-05 16:31:53","2026-01-05 16:31:53","2026-01-05","Marcar consulta para o irmão Carlos Alberto Ventura","em analise","Atendimento médico em ubs clinico geral","WhatsApp","Principal","Secretaria de Saúde"
"56612","214246","2026-01-07 15:45:18","2026-01-14 09:52:48","2026-01-05","Retirar terra do escadão da Rua 7 de Setembro
Já solicitado","Concluído","Limpeza","WhatsApp","Principal","Secretaria de Serviços Urbanos"
"56613","214246","2026-01-07 15:54:01","2026-01-15 11:11:26","2026-01-05","Buraco na rua Dom Pedro I Bairro Gaspar 
Já solicitado e irá ser feito","Concluído","Outros","Pessoal","Principal","Secretaria de Obras"
"56614","225553","2026-01-07 16:04:50","2026-01-07 16:04:50","2026-01-06","Rua de dificil acesso, precisa fazer muro
Rua Sargento Geraldo de Oliveira nº 60 Vale Verde","em analise","Outros","WhatsApp","Principal","Secretaria de Obras"
"56779","214246","2026-01-12 11:15:38","2026-01-12 11:15:38","2025-12-30","_Auxílio funeral para Sandro Irias da Silva, foi passado para o desenvolvimento social e feito","Concluído","Outros","Por telefone","Principal","Ação Social"
"56796","225684","2026-01-12 14:27:15","2026-01-12 14:27:15","2026-01-08","Adiantar exame de sangue 
Marcado para dia 09/01/26 no Laboratório Municipal","Concluído","Exames de sangue","WhatsApp","Principal","Secretaria de Saúde"
"56920","222480","2026-01-14 10:07:17","2026-01-14 10:07:17","2026-01-06","_Pedir para fazer limpeza na rua Júlio César Pereira Bairro Gaspar
_Muito barro devido as chuvas","Concluído","Limpeza","WhatsApp","Principal","Secretaria de Obras"
"56921","214246","2026-01-14 10:11:20","2026-01-14 10:11:20","2026-01-06","_Auxílio funeral para Luana Rodrigues Santos, foi passado para o desenvolvimento social e feito 
_Rua Nélia de Araújo Braga 
_Bairro Gaspar","Concluído","Outros","Por telefone","Principal","Ação Social"
"56922","214246","2026-01-14 10:13:39","2026-01-14 10:13:39","2026-01-06","_Fazer indicação limpeza da pracinha, brinquedos quebrados.
_Bairro São Francisco ","aguardando execuçao","Limpeza","WhatsApp","Principal","Secretaria de Serviços Urbanos"
"56923","225321","2026-01-14 10:15:41","2026-01-14 10:15:41","2026-01-06","_Fazer indicação construção capela mortuária no distrito de Capetinga
-Foi feita ","aguardando execuçao","Outros","WhatsApp","Principal","Secretaria de Obras"
"56929","211677","2026-01-14 10:50:30","2026-01-14 10:50:30","2026-01-06","_Fazer indicação para instalar minis postes na saída de Boa Família para Miraí
_Foi feita indicação","aguardando execuçao","Iluminação","WhatsApp","Principal","Secretaria de Obras"
"56931","214246","2026-01-14 10:54:17","2026-01-14 10:54:17","2026-01-07","_Cata treco 
_Rua Aldo Furlani em frenta ao N° 183 Bairro Gaspar ","Concluído","Limpeza","WhatsApp","Principal","Secretaria de Serviços Urbanos"
"56933","225776","2026-01-14 11:01:15","2026-01-14 11:01:15","2026-01-07","_Fazer indicação rua difícil acesso,cheia de buracos
_Rua Baronesa Augusta 
_Bairro Vale Verde","aguardando execuçao","Outros","WhatsApp","Principal","Secretaria de Obras"
"56934","225466","2026-01-14 11:02:59","2026-01-14 11:02:59","2026-01-07","_Moradora solicitou que passase a máquina na Vila Santa Rita 
_Muito barro","aguardando execuçao","Outros","WhatsApp","Principal","Secretaria de Obras"
"56936","225779","2026-01-14 11:07:46","2026-01-14 11:07:46","2026-01-07","_Pedir para passar máquina na estrada da Gameleira muito ruim, depois da venda do Gilmar primeira entrada á esquerda
_Foi feita indicação","aguardando execuçao","Outros","WhatsApp","Principal","Secretaria de Obras"
"56938","214246","2026-01-14 11:10:02","2026-01-14 11:10:02","2026-01-07","_Postes apagados na Rua Vicente Alves N°427 Bairro Hélio de Araújo
_Foi encaminhado para os responsáveis e feito","Concluído","Iluminação","Por telefone","Principal","Secretaria de Serviços Urbanos"
"56941","225782","2026-01-14 11:13:49","2026-01-14 11:13:49","2026-01-08","_Pedir para frazer limpeza da pracinha, muito suja, brinquedos quebrados 
_Bairro Santa Terezinha","aguardando execuçao","Limpeza","WhatsApp","Principal","Secretaria de Serviços Urbanos"
"56943","225783","2026-01-14 11:18:00","2026-01-14 11:18:00","2026-01-08","_Pedir para passar cata treco,muito entulho na calçada da E.M.Sebastião Laviola Bairro Safira 
_Foi passado e feito","Concluído","Outros","WhatsApp","Principal","Secretaria de Serviços Urbanos"
"56945","206654","2026-01-14 11:21:30","2026-01-14 11:21:30","2026-01-08","_Pedir para fazer capina,mato alto 
_Rua Carlos Dias Gões N°274 Bairro São Cristovão
_Obs- Ao lado da escada que vai para o Santo Antônio","aguardando execuçao","Limpeza","WhatsApp","Principal","Secretaria de Serviços Urbanos"
"57344","226092","2026-01-21 16:22:25","2026-01-21 16:22:25","2026-01-05","Precisa de transporte para HSP, vai fazer cirurgia às 13h
Avenida Cecilia Meireles 170 fundos Bairro Colety
Passado para o transporte","aguardando execuçao","Transportes solicitacao de viagens ","WhatsApp","Principal","Secretaria de Transporte"
"57576","226309","2026-01-27 12:42:08","2026-01-27 12:42:08","2026-01-23","Precisa de consulta do Otorrino
Consulta Otorrino dia 28/01/26 às 12h na UBS do Porto por ordem de chegada","Concluído","Atendimento médico em ubs clinico geral","WhatsApp","Principal","Secretaria de Saúde"
"57577","214246","2026-01-27 12:48:26","2026-01-27 12:48:26","2026-01-22","Solicita Transferência da UPA para o HSP para José Augusto Lima da Costa 
Foi passado para responsável e feito","Concluído","Atendimento médico em ubs clinico geral","Pessoal","Principal","Secretaria de Saúde"
"57579","211753","2026-01-27 12:52:36","2026-01-27 12:52:36","2026-01-19","Exame de Sangue
Dia 03/02/26 Laboratório Municipal","Concluído","Exames de sangue","WhatsApp","Principal","Secretaria de Saúde"
"57582","226311","2026-01-27 13:01:53","2026-01-27 13:01:53","2026-01-15","Pediu para adiantar cirurgia do filho Arthur Costa Gonçalves","aguardando execuçao","Atendimento médico em ubs clinico geral","WhatsApp","Principal","Secretaria de Saúde"
"57585","224945","2026-01-27 13:04:21","2026-01-27 13:04:21","2026-01-15","Consulta com ortopedista
Marcado dia 22/01 no Caic","Concluído","Atendimento médico em ubs clinico geral","WhatsApp","Principal","Secretaria de Saúde"
"57603","214246","2026-01-27 14:21:13","2026-01-27 14:21:13","2026-01-15","Verificar para adiantar a Cirurgia de Vesicula da Luzia Vieira de Jesus
Passado para a Secretaria de Saúde para verificar
","aguardando execuçao","Atendimento médico em ubs clinico geral","WhatsApp","Principal","Secretaria de Saúde"
"57604","211472","2026-01-27 14:30:29","2026-01-27 14:30:29","2026-01-14","Consulta Dermatologista 
Aguardando médica retornar das férias","aguardando execuçao","Atendimento médico em ubs clinico geral","WhatsApp","Principal","Secretaria de Saúde"
"57748","226414","2026-01-28 11:40:58","2026-01-28 11:40:58","2026-01-28","_Moradora solicitou tampa buracos, rua difícil acesso
_Rua João XX|||  em frente ao N°180 Bairro Edgar Miranda 
_Foi passado para os responsáveis e feito","Concluído","Asfalto","WhatsApp","Principal","Secretaria de Obras"
"57750","226418","2026-01-28 11:45:17","2026-01-28 11:45:17","2026-01-27","_Moradora solicitou o cata-treco foi passado para os responsáveis e feito","Concluído","Outros","WhatsApp","Principal","Secretaria de Serviços Urbanos"
"57770","226414","2026-01-28 14:40:38","2026-01-28 14:40:38","2026-01-28","Precisa que o caminhão do cata treco passe na Rua Melo Franco 180 Kennedy
Irá na sexta feira","aguardando execuçao","Limpeza","WhatsApp","Principal","Secretaria de Serviços Urbanos"
"57771","214246","2026-01-28 14:51:39","2026-01-28 14:51:39","2026-01-26","Pedir para sincronizar semáfaros na Rua Coronel Domiciano","aguardando execuçao","Placas, Lombadas e Sinais","WhatsApp","Principal","Secretaria de Trânsito"
"57777","214246","2026-01-28 15:17:25","2026-01-28 15:17:25","2026-01-26","Pedir tampa buraco na Rua Francisco Casceli nº 146","aguardando execuçao","Outros","WhatsApp","Principal","Secretaria de Serviços Urbanos"
"57780","226431","2026-01-28 15:35:02","2026-01-28 15:35:02","2026-01-23","Pedindo para olhar os postes perto da obra do Rosário em frente ao 395 2 postes
Já solicitado para Nadine","aguardando execuçao","Iluminação","WhatsApp","Principal","Secretaria de Serviços Urbanos"
"57781","211014","2026-01-28 15:38:27","2026-01-28 15:38:27","2026-01-22","Pediu pra arrumar um buraco aberto no inicio ndo beco de servidão da Rua Presidente Kennedy no Gaspar
Passado para Ronaldo Demsur para verificar","aguardando execuçao","Outros","WhatsApp","Principal","Secretaria de Serviços Urbanos"
"57851","226497","2026-01-29 10:36:27","2026-01-29 10:36:27","2026-01-12","_Paciente solicita consulta com dermatologista, foi passado para os responsáveis e marcado
_Dia 26/01/26 as 7hs no SESC por ordem de chegada Dr Cristiane","Concluído","Atendimento médico em ubs clinico geral","WhatsApp","Principal","Secretaria de Saúde"
"57854","226502","2026-01-29 10:39:38","2026-01-29 10:39:38","2026-01-12","_Solicitou que marcasse os exames foi encaminhado para o laboratório municipal e feito","Concluído","Exames de sangue","WhatsApp","Principal","Secretaria de Saúde"
"57856","226504","2026-01-29 10:45:27","2026-01-29 10:45:27","2026-01-14","_Paciente precisa de fazer cirurgia de catarata,está na fila ","aguardando execuçao","Atendimento médico em ubs clinico geral","WhatsApp","Principal","Secretaria de Saúde"
"57874","226526","2026-01-29 11:01:25","2026-01-29 11:01:25","2026-01-14","_Paciente precisa de consulta com dermatologista, foi encaminhado e marcado 
_Dia 29/01 as 7hs no SESC por ordem de chegada","Concluído","Atendimento médico em ubs clinico geral","WhatsApp","Principal","Secretaria de Saúde"
"57881","226534","2026-01-29 11:05:22","2026-01-29 11:05:22","2026-01-22","_Paciente precisa de fazer uma RNM membro inferior (Unilateral) Joelho direito,foi encaminhado para secretaria de saúde e marcado","Concluído","Exames de sangue","WhatsApp","Principal","Secretaria de Saúde"
"57884","226537","2026-01-29 11:08:16","2026-01-29 11:08:16","2026-01-22","_Paciente precisa de fazer RNM membro inferior (unilateral) 
_Gonartrose avançada bilateral
_Com Urgência 
_Foi marcado ","Concluído","Exames de sangue","WhatsApp","Principal","Secretaria de Saúde"
"57888","226545","2026-01-29 11:12:17","2026-01-29 11:12:17","2026-01-28","_Paciente precisa de uma consulta urgente com cirurgião,foi encaminhado e marcado","Concluído","Atendimento médico em ubs clinico geral","WhatsApp","Principal","Secretaria de Saúde"
"57933","226585","2026-01-29 14:49:44","2026-01-29 14:49:44","2026-01-07","Cirurgia de Catarata para a mãe Maria do Perpétuo Socorro","aguardando execuçao","Outros","WhatsApp","Principal","Secretaria de Saúde"
"57937","212900","2026-01-29 15:14:17","2026-01-29 15:14:17","2026-01-09","Precisa de consulta com o Ortopedista","em analise","Atendimento médico em ubs clinico geral","WhatsApp","Principal","Secretaria de Saúde"
"57939","226587","2026-01-29 15:36:09","2026-01-29 15:36:09","2026-01-26","Precisa de realizar um ecocardiograma
Marcado para o dia 20/01","Concluído","Exames de sangue","WhatsApp","Principal","Secretaria de Saúde"
"57940","211135","2026-01-29 15:45:00","2026-01-29 15:45:00","2026-01-28","Precisa de Muletas
Muletas emprestadas","Concluído","Outros","WhatsApp","Principal","Ação Social"
"58023","226667","2026-01-30 11:41:38","2026-01-30 11:41:38","2026-01-29","_Morador solicitou poda de árvores 
_Rua Padre Arnaldo N°330 Bairro Sâo Francisco","aguardando execuçao","Poda de Árvore","WhatsApp","Principal","Secretaria do Meio Ambiente"
"58027","215310","2026-01-30 11:45:51","2026-01-30 11:45:51","2026-01-20","_Moradora solicitou que fizesse reparos no meio fio,devido ao fluxo de água que desce para as casas
__Rua Elísio Firmino Bairro Gaspar","aguardando execuçao","Outros","WhatsApp","Principal","Secretaria de Obras"
"58028","214246","2026-01-30 11:48:39","2026-01-30 11:48:39","2026-01-20","-Moradores solicitaram tampa buracos na rua 1 de Maio Bairro Gaspar
","aguardando execuçao","Outros","WhatsApp","Principal","Secretaria de Obras"
"58029","226671","2026-01-30 11:52:35","2026-01-30 11:52:35","2026-01-16","_Morador solicitou tampa buracos,foi passado para os responsáveis
_Rua João Vegi 
_Vila Real","aguardando execuçao","Asfalto","WhatsApp","Principal","Secretaria de Obras"
"58111","215028","2026-02-02 15:29:11","2026-02-03 16:48:16","2026-02-02","Solicitando Cesta básica","Concluído","Cestas Básicas","WhatsApp","Principal","Ação Social"
"58231","214479","2026-02-03 16:52:04","2026-02-09 11:47:59","2026-02-03","Precisa de Ortopedista para filha Maria Clara Silva Rosa ","Concluído","Atendimento médico em ubs clinico geral","WhatsApp","Principal","Secretaria de Saúde"
"58556","227077","2026-02-04 15:59:29","2026-02-04 15:59:29","2026-02-03","Precisa de capina e arrumar um buraco na Avenida Agostinho Bizzo.                                      Passado para o Demsur verificar sobre o buraco","aguardando execuçao","Outros","WhatsApp","Principal","Secretaria de Serviços Urbanos"
"59053","227492","2026-02-06 16:45:03","2026-02-06 16:45:03","2026-02-03","Pontos de atendimentos do Demsur espalhados pela cidade para atender a população.","em analise","Outros","WhatsApp","Principal","Secretaria de Serviços Urbanos"
"60231","222480","2026-02-19 13:35:18","2026-02-19 13:35:18","2026-02-19","Postes apagados na Rua Júlio César Pereira Bairro Gaspar em frente ao nº 277 (ao lado)
Passado solicitação para Iluminação","em analise","Iluminação","WhatsApp","Principal","Secretaria de Serviços Urbanos"
"60236","228505","2026-02-19 13:41:59","2026-02-19 13:41:59","2026-02-19","Solicitou ajuda para ligar água e esgoto na sua residência
Rua Olinda Gardoni Bairro: Aeroporto","em analise","Outros","Pessoal","Principal","Secretaria de Serviços Urbanos"
"60238","225484","2026-02-19 13:45:05","2026-02-19 13:45:05","2026-02-13","Pedir para tirar as terras da rua, na vila santa rita
Já foi solicitado","aguardando execuçao","Limpeza","WhatsApp","Principal","Secretaria de Serviços Urbanos"
"60263","228530","2026-02-19 14:39:31","2026-02-19 14:39:31","2026-02-12","Fazer indicação limpeza na Rua das Bromélias no Bairro Quinta das Flores","em analise","Limpeza","WhatsApp","Principal","Secretaria de Serviços Urbanos"
"60267","214246","2026-02-19 14:45:35","2026-02-19 14:45:35","2026-02-12","Pedindo caminhão cata treco para passar na Rua São João Batista no Gaspar
Recolhido","Concluído","Limpeza","WhatsApp","Principal","Secretaria de Serviços Urbanos"
"60271","225264","2026-02-19 14:48:20","2026-02-19 14:48:20","2026-02-12","Solicitando para desentupir os bueiros da Rua São João Batista","em analise","Limpeza","WhatsApp","Principal","Secretaria de Serviços Urbanos"
"60306","214246","2026-02-19 16:46:51","2026-02-19 16:46:51","2026-01-30","Reconstrução meio fio na Rua Paulo de Oliveira Goes","em analise","Outros","Pessoal","Principal","Secretaria de Serviços Urbanos"
"60384","228613","2026-02-20 14:45:44","2026-02-20 14:45:44","2026-02-20","Solicitar vistoria no transformador da Rua Nélia de Araújo Braga nº114 - Gaspar
Solicitado realizar requerimento solicitando vistoria","em analise","Iluminação","WhatsApp","Principal","Secretaria de Serviços Urbanos"
"60386","214246","2026-02-20 14:50:12","2026-02-20 14:50:12","2026-02-20","Postes apagados na Rua Eduardo Braga Filho Bairro Gaspar
Cadastrado na Iluminação Pública ","aguardando execuçao","Iluminação","Pessoal","Principal","Secretaria de Serviços Urbanos"
"60388","215310","2026-02-20 14:57:23","2026-02-20 14:57:23","2026-02-20","Pedir para Defesa Civil olhar a trinca na Rua Elisio Firmino da Costa nº02 Bairro: Gaspar - Serralheria do Dejair 
Solicitado a Defesa Civil","em analise","Outros","WhatsApp","Principal","Secretaria de Obras"
"60645","228940","2026-02-24 16:10:13","2026-02-24 16:10:13","2026-02-24","Pedidndo para arrumar a estrada e jogar saibro na estrada perto da Fazenda Santa Rosa perto da Casa de Tábua","em analise","Outros","WhatsApp","Principal","Secretaria da Fazenda"
"60651","214246","2026-02-24 16:18:38","2026-02-24 16:18:38","2026-02-23","Pedir Cata Treco para Itamuri
Limpeza no boeiro e avaliar rede pluvial insuficiente na Rua do Rosário em Itamuri","em analise","Outros","WhatsApp","Principal","Secretaria de Serviços Urbanos"
"61173","224955","2026-03-06 14:32:27","2026-03-06 14:32:27","2026-03-06","Precisa de consulta Drº Wilson Batista  
Marcado para dia 16/03 às 8h no Ambulatório por ordem de chegada","Concluído","Atendimento médico em ubs clinico geral","WhatsApp","Principal","Secretaria de Saúde"
"61174","211547","2026-03-06 14:49:57","2026-03-06 14:49:57","2026-03-05","Consulta com Ortopedista
Marcado para dia 06/03 às 7h no Caic Drº João Paulo","Concluído","Atendimento médico em ubs clinico geral","WhatsApp","Principal","Secretaria de Saúde"
"61175","225260","2026-03-06 15:08:43","2026-03-06 15:08:43","2026-02-27","Consulta com ginecologista
Marcado para dia 24/03 às 14h na Ubs Santana Drª Sônia","Concluído","Atendimento médico em ubs clinico geral","WhatsApp","Principal","Secretaria de Saúde"
"61176","222625","2026-03-06 15:11:08","2026-03-06 15:11:08","2026-02-25","Consulta com Psiquiatra
Marcado para dia 02/03 às 7h na UBS São Francisco com Drº Rogério","Concluído","Atendimento médico em ubs clinico geral","WhatsApp","Principal","Secretaria de Saúde"
"61177","230385","2026-03-06 15:14:50","2026-03-06 15:14:50","2026-02-25","Precisa de tratamento no Caps","aguardando execuçao","Outros","WhatsApp","Principal","Ação Social"
"61178","230389","2026-03-06 15:22:06","2026-03-06 15:22:06","2026-02-25","Cata treco na rua Oswaldo Cruz nº 256 - Barra","Concluído","Limpeza","WhatsApp","Principal","Secretaria de Serviços Urbanos"
"61847","231755","2026-03-18 15:44:02","2026-03-18 15:44:02","2026-02-23","Solicitou corte da arvore dentro da Escola Premem
Realizado indicação ","aguardando execuçao","Outros","WhatsApp","Principal","Secretaria de Serviços Urbanos"
"61848","231756","2026-03-18 15:52:12","2026-03-18 15:52:34","2026-02-24","Pedir a limpeza no terreno da Rua Farmacêutico Sebastião Bruno nº27 Inconfidência
Foi solicitado","Concluído","Limpeza","WhatsApp","Principal","Secretaria do Meio Ambiente"
"61850","225260","2026-03-18 15:58:28","2026-03-18 15:58:28","2026-02-25","Consulta Drª Sônia
Marcado para o dia 24/03 às 14h Ubs do Santana","Concluído","Atendimento médico em ubs clinico geral","WhatsApp","Principal","Secretaria de Saúde"
"61851","219903","2026-03-18 16:02:09","2026-03-18 16:02:09","2026-02-26","Solicitou meio fio da Rua Presidente Kennedy devido a àgua que desce para sua casa
Realizado o serviço","Concluído","Outros","WhatsApp","Principal","Secretaria de Serviços Urbanos"
"61852","215538","2026-03-18 16:07:56","2026-03-18 16:07:56","2026-03-02","Pedir para arrumar poste tombado na Rua João Micael em frente ao nº 37 Bairro São Joaquim","em analise","Iluminação","WhatsApp","Principal","Secretaria de Serviços Urbanos"
"61853","216401","2026-03-18 16:13:21","2026-03-18 16:13:21","2026-03-02","Solicitou a Defesa Civil uma vistoria em sua residência Rua Nélia de Araujo Braga nº114 1º andar","em analise","Outros","WhatsApp","Principal","Secretaria de Habitação"
"61854","226414","2026-03-18 16:15:18","2026-03-18 16:15:18","2026-03-02","Solicitou limpeza na Rua Amilton Campos Bairro Edgar Miranda, se possivel uma placa.","em analise","Limpeza","WhatsApp","Principal","Secretaria de Serviços Urbanos"
"61855","213905","2026-03-18 16:17:41","2026-03-18 16:17:41","2026-03-03","Postes apagados na Rua Julio César Pereira Gaspar em frente ao nº 90","em analise","Iluminação","WhatsApp","Principal","Secretaria de Serviços Urbanos"
"61856","231757","2026-03-18 16:22:37","2026-03-18 16:22:37","2026-03-04","Fazer indicação solicitando vistoria no poste que está caindo na Br 116, no trevo da Líder Chevrolet
Feito a indicação","em analise","Iluminação","WhatsApp","Principal","Secretaria de Serviços Urbanos"
"61985","216068","2026-03-20 13:18:50","2026-03-20 13:18:50","2026-03-19","Solicita USG Transvaginal e USG Mamas e Axilas
Marcado dia 26/03 às 8h no Planejamento Familiar","Concluído","Exames de sangue","WhatsApp","Principal","Secretaria de Saúde"
"61987","232012","2026-03-20 13:23:15","2026-03-20 13:23:15","2026-03-16","Precisa de Fisisoterapia
Marcado dia 18/03 às 10h na Faminas","Concluído","Exames de sangue","WhatsApp","Principal","Secretaria de Saúde"
"62328","232709","2026-03-26 14:43:56","2026-03-26 14:43:56","2026-03-26","Grupo de Tabagismo
Rua Vila Kátia nº 23 centro
Ubs São Francisco","Concluído","Atendimento médico em ubs clinico geral","WhatsApp","Principal","Secretaria de Saúde"
"62333","232723","2026-03-26 14:58:59","2026-03-26 14:58:59","2026-03-25","Precisa de consulta com Drº Wilson Batista 
Marcado dia 06/04 às 8h por ordem de chegada no Ambulatório","Concluído","Atendimento médico em ubs clinico geral","WhatsApp","Principal","Secretaria de Saúde"
"62336","232727","2026-03-26 15:15:43","2026-03-26 15:15:43","2026-03-16","Precisa de consulta oftalmologia 
Marcado dia 17/03 às 10h40m no Ceae","Concluído","Atendimento médico em ubs clinico geral","WhatsApp","Principal","Secretaria de Saúde"
"62414","232905","2026-03-30 12:51:01","2026-03-30 12:51:01","2026-02-06","Consulta com Psiquiatra
Marcado dia 09/02 às 7h na Ubs do São Francisco","Concluído","Atendimento médico em ubs clinico geral","WhatsApp","Principal","Secretaria de Saúde"
"62415","221826","2026-03-30 12:54:58","2026-03-30 12:54:58","2026-02-11","Consulta com o Gastro
Marcado na Policlinica no Santa Terezinha Terça feira 17/02 às 8h","Concluído","Atendimento médico em ubs clinico geral","WhatsApp","Principal","Secretaria de Saúde"
"62416","232906","2026-03-30 12:59:50","2026-03-30 12:59:50","2026-02-13","Consulta com Dentista
Marcado dia 23/02 às 14h30min. na Ubs São Francisco","Concluído","Atendimento médico em ubs clinico geral","WhatsApp","Principal","Secretaria de Saúde"
"62417","225262","2026-03-30 13:03:08","2026-03-30 13:03:08","2026-02-13","Consulta Ortopedista 
Marcado no dia 19/02 às 12h30mna policlinica do Caic Drº Tiago","Concluído","Atendimento médico em ubs clinico geral","WhatsApp","Principal","Secretaria de Saúde"
"62531","233052","2026-04-01 08:15:11","2026-04-01 08:16:01","2026-02-13","_Paciente precisa consulta com Dr Wilson Batista 
_Dia 23/02 as 8hs no ambulátorio por ordem de chegada","Concluído","Exames de sangue","Por telefone","Principal","Secretaria de Saúde"
"62532","233053","2026-04-01 08:20:51","2026-04-01 08:20:51","2026-02-13","_Consulta com cirurgião 
_Dia 25/02 as 8hs por ordem de chegada no planejamento familiar","Concluído","Atendimento médico em ubs clinico geral","Por telefone","Principal",NULL
"62533","233064","2026-04-01 08:36:12","2026-04-01 08:36:12","2026-03-02","_Moradora solicitou o pedido de postes apagados em frente sua casa, foi pedido e resolvido 
_Rua 1 de Maio N°147 Bairro Gaspar","Concluído","Iluminação","WhatsApp","Principal","Secretaria de Serviços Urbanos"
"62536","233065","2026-04-01 08:41:24","2026-04-01 08:41:24","2026-03-04","_Consulta com dermatologista 
_Dia 06/03/26 as 7hs no SESC por ordem de chegada","Concluído","Atendimento médico em ubs clinico geral","WhatsApp","Principal","Secretaria de Saúde"
"62537","233069","2026-04-01 08:45:35","2026-04-01 08:45:35","2026-03-05","_Paciente precisa de consulta com psiquiatra 
_Dia 09/03 as 7hs UBS São Francisco ","Concluído","Atendimento médico em ubs clinico geral","Pessoal","Principal","Secretaria de Saúde"
"62539","233072","2026-04-01 08:48:23","2026-04-01 08:48:23","2026-03-11","_Consulta com dermatologista 
_Dia 09/04 as 7hs no SESC por ordem de chegada","Concluído","Atendimento médico em ubs clinico geral","Pessoal","Principal","Secretaria de Saúde"
"62540","211549","2026-04-01 08:50:07","2026-04-01 08:50:07","2026-03-11","_Consulta com dermatologista 
-Dia 09/04 as 7hs por ordem de chegada no SESC","Concluído","Atendimento médico em ubs clinico geral","Pessoal","Principal","Secretaria de Saúde"
"62541","233072","2026-04-01 08:51:51","2026-04-01 08:51:51","2026-03-12","-Atendimento dentista na UBS Gaspar 
_Dia 30/03 as 8hs 
","Concluído","Atendimento médico em ubs clinico geral","Pessoal","Principal","Secretaria de Saúde"
"62542","233074","2026-04-01 08:54:08","2026-04-01 08:54:08","2026-03-12","_Exames de sangue 
_Dia 23/03 de 6:30 as 8hs no laborátorio municipal","Concluído","Exames de sangue","WhatsApp","Principal","Secretaria de Saúde"
"62543","225262","2026-04-01 08:55:51","2026-04-01 08:55:51","2026-03-12","_Exames de sangue 
_Dia 23/03 de 6:30 as 8hs no laborátorio municipal","Concluído","Exames de sangue","Pessoal","Principal","Secretaria de Saúde"
"62544","233077","2026-04-01 08:59:30","2026-04-01 08:59:30","2026-03-13","_Consulta ginecologista 
_Dia 16/03 as 13hs UBS Primavera por ordem de chegada Dr Beatriz","Concluído","Atendimento médico em ubs clinico geral","WhatsApp","Principal","Secretaria de Saúde"
"62545","233080","2026-04-01 09:01:41","2026-04-01 09:01:41","2026-03-13","_Consulta com pediatra 
_Dia 25/03 as 13hs UBS Sâo Gotardo ","Concluído","Atendimento médico em ubs clinico geral","Pessoal","Principal","Secretaria de Saúde"
"62546","233084","2026-04-01 09:05:14","2026-04-01 09:05:14","2026-03-25","_Paciente precisa fazer cirurgia colecistectomia 
_Está na fila ","aguardando execuçao","Atendimento médico em ubs clinico geral","Pessoal","Principal","Secretaria de Saúde"
"62548","233089","2026-04-01 09:12:38","2026-04-01 09:12:38","2026-03-30","_Consulta com dermatologista 
_Dia 09/04 as 8hs no SESC por ordem de chegada Dr Karine","Concluído","Atendimento médico em ubs clinico geral","Por telefone","Principal","Secretaria de Saúde"
"62549","216040","2026-04-01 09:14:48","2026-04-01 09:14:48","2026-03-30","_Paciente está na fila para uso de implanon desde 31/07/25 no planejamento familiar","aguardando execuçao","Atendimento médico em ubs clinico geral","WhatsApp","Principal","Secretaria de Saúde"
"62550","233092","2026-04-01 09:18:01","2026-04-01 09:18:01","2026-03-31","_Paciente está na fila para uso de implanon desde 22/01/26 no planejamento familiar","aguardando execuçao","Atendimento médico em ubs clinico geral","WhatsApp","Principal","Secretaria de Saúde"
"62553","213477","2026-04-01 09:24:09","2026-04-01 09:24:09","2026-03-27","_Paciente com fratura nos ombros precisa de fisioterapia foi passado para os responsáveis e marcado 
_Dia 07/04 as 15hs na Faminas","Concluído","Atendimento médico em ubs clinico geral","WhatsApp","Principal","Secretaria de Saúde"
"62554","224945","2026-04-01 09:26:19","2026-04-01 09:26:19","2026-01-09","_Paciente com laudo urgente deconsulta com reumatologista 
_Foi encaminhado para UBS e feita a consulta","Concluído","Atendimento médico em ubs clinico geral","WhatsApp","Principal","Secretaria de Saúde"
"62557","214246","2026-04-01 09:52:01","2026-04-01 09:52:01","2026-01-08","_Vereadora Munik Helena enviou um ofício ao secretario de agricultura solicitando que passe a máquina na estrada do Ivai 
_Foi realizado o serviço
","Concluído","Outros","WhatsApp","Principal","Secretaria da Fazenda"
"62559","233113","2026-04-01 09:57:03","2026-04-01 09:57:03","2026-03-09","_Moradora solicitou que fizesse a limpeza da beira do rio e da pracinha no bairro Santana 
","Concluído","Limpeza","Por telefone","Principal","Secretaria de Obras"
"62562","233114","2026-04-01 10:00:52","2026-04-01 10:00:52","2026-01-09","_Morador pediu que passasse a máquina na estrda, muito buraco difícil acesso","aguardando execuçao","Limpeza","WhatsApp","Principal","Secretaria de Obras"
"62572","233118","2026-04-01 10:44:19","2026-04-01 10:44:19","2026-01-12","_Moradora solicitou cesta básica, crianças pequenas em casa
_Vou passado para o CRAS","Concluído","Cestas Básicas","WhatsApp","Principal","Ação Social"
"62573","233119","2026-04-01 10:52:21","2026-04-01 10:52:21","2026-01-12","_Moradora precisa de transporte para filha 
-Mora na estrada do Ivai 
_Foi passado para os responsáveis e permitido ","Concluído","Transportes solicitacao de viagens ","WhatsApp","Principal","Secretaria de Educação"
"62578","233121","2026-04-01 10:56:05","2026-04-01 10:56:05","2026-01-12","_Moradora solicitou o cata treco 
_Foi passado e feito ","Concluído","Limpeza","WhatsApp","Principal","Secretaria de Serviços Urbanos"
"62579","214246","2026-04-01 10:58:27","2026-04-01 10:58:27","2026-01-12","_Vereadora Munik Helena fez indicação, pedindo a possibilidade de adequação do semáfaros em vários pontos da cidade ","Concluído","Outros","Pessoal","Principal","Secretaria de Serviços Urbanos"
"62581","233123","2026-04-01 11:04:54","2026-04-01 11:04:54","2026-01-13","_Paciente precisa de transporte para buscar no HSP e levar em Pirapanema 
_Foi passado e realizado o transporte","Concluído","Transportes solicitacao de viagens ","WhatsApp","Principal","Secretaria de Transporte"
"62584","233124","2026-04-01 11:08:47","2026-04-01 11:08:47","2026-01-13","_Moradora solicitou a retirada da árvore na Rua Eugenópolis N°25 Bairro São Cristovão","Concluído","Poda de Árvore","WhatsApp","Principal","Secretaria do Meio Ambiente"
"62585","221988","2026-04-01 11:11:41","2026-04-01 11:11:41","2026-01-13","_Moradora debilitada precisa de uma visita do CRAS, foi passado para o responsável e feita a visita ","Concluído","Cestas Básicas","WhatsApp","Principal","Ação Social"
"62586","225240","2026-04-01 11:17:22","2026-04-01 11:17:22","2026-03-13","_Solicitou tampa buracos na Rua São Sebastião 
_Foi feito ","Concluído","Asfalto","WhatsApp","Principal","Secretaria de Obras"
"62587","222563","2026-04-01 11:21:24","2026-04-01 11:21:24","2026-01-14","_Precisa de transporte para levar seu pai acamado para fazer exames 
_Foi passado para o setor de transporte e feito","Concluído","Transportes solicitacao de viagens ","WhatsApp","Principal","Secretaria de Transporte"
"62589","214246","2026-04-01 11:24:37","2026-04-01 11:24:37","2026-01-14","_Solicitou a pedido dos moradores cata treco na Rua Guilhermina de Oliveira N°170 Bairro Edgar Miranda ","Concluído","Outros","Pessoal","Principal","Secretaria de Serviços Urbanos"
"62590","215906","2026-04-01 11:29:54","2026-04-01 11:29:54","2026-01-14","_Moradora solicitou a limpeza da estrada São João do Glória 
_Foi passado para os responsáveis","Concluído","Limpeza","WhatsApp","Principal","Secretaria do Meio Ambiente"
"62591","215312","2026-04-01 11:35:22","2026-04-01 11:35:22","2026-01-14","_Moradora solicitou a possibilidade de instalação de sonorizadores no distrito de Itamuri devido os carros passarem correndo ","aguardando execuçao","Outros","WhatsApp","Principal","Secretaria de Trânsito"
"62592","233126","2026-04-01 11:40:24","2026-04-01 11:40:24","2026-01-19","_Postes apagados na Rua Alexandre de Almeida Barbosa, Bairro Santana 3","Concluído","Iluminação","WhatsApp","Principal","Secretaria de Serviços Urbanos"
"62594","233127","2026-04-01 11:52:07","2026-04-01 11:52:07","2026-01-19","_Moradora solicitou reeconstrução de meio fio No Bairro União sentido a Vila Santa Rita que caiu 
_Foi feita indicação ","aguardando execuçao","Outros","WhatsApp","Principal","Secretaria de Obras"
"62595","225782","2026-04-01 11:53:58","2026-04-01 11:55:06","2026-01-19","_Solicitou a limpeza do escadão do Bairro Santa Terezinha 
_Foi feito
_Foi feita indicação brinquedos da pracinha quebrados ","Concluído","Limpeza","WhatsApp","Principal","Secretaria do Meio Ambiente"
"62605","233130","2026-04-01 13:50:18","2026-04-01 13:50:18","2026-01-21","Pedir para jogar saibro na estrada que vai para Pedra Negra, dificil acesso","em analise","Outros","WhatsApp","Principal","Secretaria de Serviços Urbanos"
"62616","233133","2026-04-01 14:27:41","2026-04-01 14:27:41","2026-01-21","Pedir ao Demuttran para possivel retirada da grade na saída da igreja Matriz São Paulo
Em acordo foi melhor não ser retirado","Concluído","Outros","WhatsApp","Principal","Secretaria de Trânsito"
"62618","233135","2026-04-01 14:49:35","2026-04-01 14:49:35","2026-01-27","Melhorias na Estrada do Rodolfo","aguardando execuçao","Outros","WhatsApp","Principal","Secretaria de Serviços Urbanos"
"62621","231755","2026-04-01 14:57:04","2026-04-01 14:57:04","2026-01-29","Poda de árvore na Rua Amaro Acelino de Andrade nº 11
Varredor de Rua
Retirada da manilha","aguardando execuçao","Outros","WhatsApp","Principal","Secretaria de Serviços Urbanos"
"62622","231756","2026-04-01 15:00:26","2026-04-01 15:00:26","2026-02-03","Pedir para fazer limpeza no Bairro Inconfidência 2 na Rua Sebastião Bruno 30
Foi solicitado ao Meio Ambiente para notificar a residência","aguardando execuçao","Limpeza","WhatsApp","Principal","Secretaria do Meio Ambiente"
"62880","222589","2026-04-09 12:32:05","2026-04-09 12:32:05","2026-04-09","Fazer indicação limpeza nas ruas Bairro Santana 
Instalação de sonorizadores","em analise","Limpeza","WhatsApp","Principal","Secretaria de Serviços Urbanos"
"62882","233664","2026-04-09 12:41:41","2026-04-09 12:41:41","2026-04-08","Denúncia de mato alto na Rua Tomaz Antônio Gonzaga nº 255 Bairro Inconfidência, Rua da Escola
Feito pelo email","Concluído","Limpeza","WhatsApp","Principal","Secretaria de Serviços Urbanos"
"62884","225260","2026-04-09 14:16:58","2026-04-09 14:16:58","2026-04-07","Limpeza na Rua Lica Muglia com a Rui Barbosa, antes do cras","aguardando execuçao","Limpeza","WhatsApp","Principal","Secretaria de Serviços Urbanos"
"62885","215579","2026-04-09 14:25:34","2026-04-09 14:25:34","2026-04-07","Pedir para fazer vistoria de água parada em piscina na Rua Geraldo Argemiro da Cunha nº2004 Bairro Santa Luzia - Casa do Cristiano","em analise","Outros","WhatsApp","Principal","Secretaria de Serviços Urbanos"
"62886","233678","2026-04-09 14:35:58","2026-04-09 14:35:58","2026-04-07","Precisa de transporte para buscar no Macuco e levar no Hsp - Maria Helena de Souza - Buscar dia 08/04/26 às 7h
Informado o contato para marcar o horário","Concluído","Transportes solicitacao de viagens ","WhatsApp","Principal","Secretaria de Transporte"
"63021","214243","2026-04-13 14:57:10","2026-04-13 14:57:10","2026-03-30","USG Transvaginal 
Marcado para o dia 09/04 às 8h30min. no Planejamento Familiar","Concluído","Exames de sangue","WhatsApp","Principal","Secretaria de Saúde"
"63023","215995","2026-04-13 14:58:58","2026-04-13 14:58:58","2026-04-01","Consulta para mãe Maria José da Silva Monteiro, na Fundação
Marcado
","Concluído","Atendimento médico em ubs clinico geral","WhatsApp","Principal","Secretaria de Saúde"
"63028","233786","2026-04-13 15:07:00","2026-04-13 15:07:00","2026-04-06","Precisa fazer fisioterapia
Dia 08/04 às 11h na Faminas","Concluído","Atendimento médico em ubs clinico geral","WhatsApp","Principal","Secretaria de Saúde"
"63032","233788","2026-04-13 15:10:25","2026-04-13 15:10:25","2026-04-08","Raio X dos Joelhos
Marcado dia 10/04 às 13h no HSP","Concluído","Exames de sangue","WhatsApp","Principal","Secretaria de Saúde"
"63037","233791","2026-04-13 15:17:55","2026-04-13 15:17:55","2026-04-09","Ecocardiograma para os 2 sobrinhos
Victoria Carolina dos Santos Abreu Lima
João Victor dos Santos Almeida","aguardando execuçao","Exames de sangue","WhatsApp","Principal","Secretaria de Saúde"
"63040","226309","2026-04-13 15:33:33","2026-04-13 15:33:33","2026-04-10","Consulta Otorrino
Marcado dia 15/04 às 12h Ubs Porto","Concluído","Atendimento médico em ubs clinico geral","WhatsApp","Principal","Secretaria de Saúde"
"63044","233080","2026-04-13 15:36:13","2026-04-13 15:36:13","2026-04-10","Consulta com Nutricionista
Marcado dia 13/04 às 8h no Viva Vida","Concluído","Atendimento médico em ubs clinico geral","WhatsApp","Principal","Secretaria de Saúde"
"63046","233797","2026-04-13 15:46:46","2026-04-13 15:46:46","2026-04-13","Consulta Drª Beatriz 
Marcado dia 22/04 às 7h por ordem chegada Ubs Primavera","Concluído","Atendimento médico em ubs clinico geral","WhatsApp","Principal","Secretaria de Saúde"
"63102","233882","2026-04-14 11:11:10","2026-04-14 11:11:10","2026-04-13","_Paciente com bactéria no estômago, precisa urgente consulta com gastro 
_Dia 14/04 as 7hs policlinica Santa Terezinha ","Concluído","Atendimento médico em ubs clinico geral","Pessoal","Principal","Secretaria de Saúde"
"63104","233884","2026-04-14 11:15:00","2026-04-14 11:15:00","2026-04-13","_Consulta com ortopedista 
_Dia 17/04/26 as 7hs Policlinica do CAIC por ordedm de chegada","Concluído","Atendimento médico em ubs clinico geral","WhatsApp","Principal","Secretaria de Saúde"
"63109","233885","2026-04-14 11:20:30","2026-04-14 11:20:30","2026-04-14","_Precisa de uma cirurgia para o filho 
_Davi Sombrini Matos - cirurgia Ureterocelectomia 
_Dia 24/04 no HSP","Concluído","Atendimento médico em ubs clinico geral","Pessoal","Principal","Secretaria de Saúde"
"63117","228505","2026-04-14 11:33:39","2026-04-14 11:33:39","2026-03-04","_Moradora solicitou uma ligação de água e rede esgoto 
_Rua Olinda Gardone N°175 Bairro Aeroporto ","aguardando execuçao","Outros","WhatsApp","Principal","Secretaria de Serviços Urbanos"
"63119","216293","2026-04-14 11:37:26","2026-04-14 11:37:26","2026-03-04","_Solicitou uma poda de árvores na Rua Maria Laura De Medeiros 
_Bairro São Gotardo ","Concluído","Poda de Árvore","WhatsApp","Principal","Secretaria do Meio Ambiente"
"63121","233896","2026-04-14 11:40:15","2026-04-14 11:40:15","2026-03-07","_Solicitou uma cadeira de banho foi passado para os responsáveis e emprestado","Concluído","Outros","WhatsApp","Principal","Ação Social"
"63192","233969","2026-04-15 13:02:35","2026-04-15 13:02:35","2026-02-06","Capina na Rua Farmacêutico José Mostaro, João XXIII, parte alta
Realizado Indicação","aguardando execuçao","Limpeza","WhatsApp","Principal","Secretaria de Serviços Urbanos"
"63193","214246","2026-04-15 13:06:36","2026-04-15 13:06:36","2026-02-06","Postes apagados na Rua atrás do campo, pracinha em frente a Igreja Metodista em Distrito de Itamuri
Realizado","Concluído","Iluminação","WhatsApp","Principal","Secretaria de Serviços Urbanos"
"63195","225323","2026-04-15 13:20:22","2026-04-15 13:20:22","2026-02-06","Precisa de transporte para levar o Senhor Adão Vindilino de Souza na Fundação.
Passado o contato e a forma de solicitar o transporte","Concluído","Transportes solicitacao de viagens ","WhatsApp","Principal","Secretaria de Transporte"
"63196","214246","2026-04-15 13:23:41","2026-04-15 13:23:41","2026-03-09","Fazer indicação de insenção de Iptu aos moradores e comerciantes locais na região do Rosário devido a obra que se estende a 1 ano.
Realizado indicação","aguardando execuçao","Outros","WhatsApp","Principal","Secretaria de Administração"
"63203","233974","2026-04-15 13:59:31","2026-04-15 13:59:31","2026-02-10","Fazer indicação pedindo para verificar o barro que desce nas ruas do Santana 3, muito difícil o acesso","aguardando execuçao","Outros","WhatsApp","Principal","Secretaria de Serviços Urbanos"
"63317","234116","2026-04-17 08:24:26","2026-04-17 08:24:26","2026-04-15","_Precisa de uma consulta para o filho Rafael Santana Moura 
_Neuropediatra dia 16/04 as 11hs UBS Santa Terezinha","Concluído","Atendimento médico em ubs clinico geral","WhatsApp","Principal","Secretaria de Saúde"
"63318","234117","2026-04-17 08:28:04","2026-04-17 08:28:04","2026-04-14","_Processo do filho na defensoria pública 
_Bernardo Alves Pinheiro 16/09/2021","Concluído","Auxilio Doença","WhatsApp","Principal","Procuradoria"
"63319","234118","2026-04-17 08:30:42","2026-04-17 08:30:42","2026-04-14","_Paciente está na fila no Planejamento Familiar para uso de implanon
_SUS 707607285574593","aguardando execuçao","Atendimento médico em ubs clinico geral","WhatsApp","Principal","Secretaria de Saúde"
"63320","234119","2026-04-17 08:33:43","2026-04-17 08:33:43","2026-04-09","_Paciente precisa de exame endoscopia _deu entrada dia 19/09/25
_SUS 708200127545741","aguardando execuçao","Exames de sangue","WhatsApp","Principal","Secretaria de Saúde"
"63323","234120","2026-04-17 08:49:45","2026-04-17 08:49:45","2026-02-20","_Moradora pediu que tampasse os buracos que foi feito pelo DEMSUR, na rua José Dos Santos _ Bairro  Santa Terezinha, foi passado para os responsáveis e feito","Concluído","Asfalto","WhatsApp","Principal","Secretaria de Obras"
"63324","234121","2026-04-17 08:55:51","2026-04-17 08:55:51","2026-02-25","_Pedir para fazer retirada de galhos de árvores 
_Rua Josefa Zem _Bairro Gaspar _Perto da padaria 
_Foi passado para os responsáveis e feito ","Concluído","Limpeza","WhatsApp","Principal","Secretaria do Meio Ambiente"
"63327","234123","2026-04-17 09:03:16","2026-04-17 09:03:16","2026-03-13","_Vazamento no começo da Rua Dom Pedro 1, foi passado para oe responsáveis e feito.","Concluído","Saneamento, Água e Esgoto","WhatsApp","Principal","Secretaria de Serviços Urbanos"
"63328","234125","2026-04-17 09:08:34","2026-04-17 09:08:34","2026-03-13","_Moradora pediu cata treco no distrito de Itamuri 
","Concluído","Limpeza","WhatsApp","Principal","Secretaria de Serviços Urbanos"
"63336","214246","2026-04-17 10:32:51","2026-04-17 10:36:23","2026-02-19","Fazer indicação postes apagados na lagoa
Indicação 198","Concluído","Iluminação","WhatsApp","Principal","Secretaria de Saúde"
"63337","214246","2026-04-17 10:35:56","2026-04-17 10:35:56","2026-02-20","Requerimento solicitando vistoria no transformador da Rua Nélia de Araújo Braga Nº114 Gaspar 
Ofício 04","aguardando execuçao","Iluminação","WhatsApp","Principal","Secretaria de Serviços Urbanos"
"63349","214246","2026-04-17 11:08:14","2026-04-17 11:08:14","2026-02-26","Fazer requerimento de todas as casas que participaram do programa legaliza-lar","aguardando execuçao","Outros","WhatsApp","Principal","Secretaria de Habitação"
"63350","206436","2026-04-17 11:27:45","2026-04-17 11:27:45","2026-03-13","Pedir para arrumar os brinquedos, correntes quebradas, correntes quebradas, pracinha do Rosário.","aguardando execuçao","Outros","WhatsApp","Principal","Secretaria de Serviços Urbanos"
"63353","222589","2026-04-17 11:58:26","2026-04-17 11:58:26","2026-03-16","Luz da Pracinha do Santana todas apagadas
Solicitação Cadastrada
Indicação para pintura na faixa de pedestre no Santana
Indicação 287","aguardando execuçao","Outros","WhatsApp","Principal","Secretaria de Serviços Urbanos"
"63406","234170","2026-04-22 14:14:44","2026-04-22 14:14:44","2026-03-24","Pedir pôda de árvore na Rua Afonso Goulart nº106 Bairro João XXIII","em analise","Poda de Árvore","WhatsApp","Principal","Secretaria de Serviços Urbanos"
"63411","234172","2026-04-22 14:24:45","2026-04-22 14:24:45","2026-03-25","Pôda de árvore na subida do morro da Presidente Kennedy
Enviado para o Vandinho e para secretaria de Meio Ambiente para realizar a análise e corte da mesma","aguardando execuçao","Poda de Árvore","WhatsApp","Principal","Secretaria de Serviços Urbanos"
"63432","214246","2026-04-22 15:33:51","2026-04-22 15:33:51","2026-03-26","Moção de congratulações e aplausos para Elias Alves (segurança) 
Dia 26/03 às 18h30min. no plenário da câmara","Concluído","Outros","Pessoal","Principal","Ação Social"
"63453","214246","2026-04-23 09:21:07","2026-04-23 09:21:07","2026-04-10","_Manutenção na rede de água na rua 1° de Maio
_Falta de água em algumas ruas do bairro","Concluído","Saneamento, Água e Esgoto","WhatsApp","Principal","Secretaria de Serviços Urbanos"
"63454","214246","2026-04-23 09:24:11","2026-04-23 09:24:11","2026-04-11","_Doação de 5 latas de leite para uma criança
_Helena de Oliveira Azevedo","Concluído","Outros","WhatsApp","Principal","Procuradoria"
"63456","214246","2026-04-23 09:25:48","2026-04-23 09:25:48","2026-04-12","_Doação de 2 latas de leite para pai da Claudineia 
_Precisa de fazer cirurgia","Concluído","Outros","WhatsApp","Principal","Ação Social"
"63458","214246","2026-04-23 09:27:54","2026-04-23 09:27:54","2026-04-16","_Pedir iluminação de postes a´pagados na Vila Cavalier do N°333 até 555 
_Bairro Aeroporto","Concluído","Iluminação","WhatsApp","Principal","Secretaria de Serviços Urbanos"
"63503","234215","2026-04-23 16:05:37","2026-04-23 16:05:37","2026-03-27","Vazamento de água no final da rua Josefa Zem
Concluido","Concluído","Outros","WhatsApp","Principal","Secretaria de Serviços Urbanos"
"63504","221621","2026-04-23 16:13:51","2026-04-23 16:13:51","2026-03-27","Pedir para desentupir os bueiros da rua Eugenópolis no Bairro São Cristovão, sem saida
Realizado dia 09/04","Concluído","Limpeza","WhatsApp","Principal","Secretaria de Serviços Urbanos"
"63505","234216","2026-04-23 16:19:41","2026-04-23 16:19:41","2026-03-27","Pedir para fazer retirada dos galhos na Rua Gardênia nº55 Recanto Verde","aguardando execuçao","Limpeza","WhatsApp","Principal","Secretaria de Serviços Urbanos"
"63506","234219","2026-04-23 16:28:57","2026-04-23 16:28:57","2026-03-30","Auxílio Funeral de Mathias Silva dos Santos
Realizado","Concluído","Outros","WhatsApp","Principal","Ação Social"
"63507","214246","2026-04-23 16:31:54","2026-04-23 16:31:54","2026-03-31","Pedir para tampar buraco na Rua Presidente Kennedy em frente a bomba do Demsur","aguardando execuçao","Outros","WhatsApp","Principal","Secretaria de Serviços Urbanos"
"63508","214246","2026-04-23 16:34:40","2026-04-23 16:34:40","2026-03-31","Pedir para arrumar 2 postes apagados no inicio da Rua Presidente Kennedy ao lado do nº 26 
Manutenção realizada","Concluído","Iluminação","WhatsApp","Principal","Secretaria de Serviços Urbanos"
"63509","234225","2026-04-23 16:40:58","2026-04-23 16:40:58","2026-03-31","Pedir para realizar limpeza na Rua Escobar Gomes de Souza nº200 Bairro: São Gostardo","aguardando execuçao","Limpeza","WhatsApp","Principal","Secretaria de Serviços Urbanos"
"63551","225269","2026-04-24 16:30:36","2026-04-24 16:30:36","2026-04-08","Solicita limpeza no córrego da Vila Santa Rita
Limpeza realizada","Concluído","Limpeza","WhatsApp","Principal","Secretaria de Serviços Urbanos"
"63552","234257","2026-04-24 16:34:12","2026-04-24 16:34:12","2026-04-08","Pôda de árvore na Rua Eduardo Braga nº01 fundos Gaspar
Solicitado corte","aguardando execuçao","Poda de Árvore","WhatsApp","Principal","Secretaria de Serviços Urbanos"
"63921","215579","2026-05-07 13:08:31","2026-05-07 13:40:38","2026-04-30","Denúncia de mato alto na Rua Geraldo Argemiro da Cunha, Santa Luzia, lote da Eureka
Denúncia realizada","Concluído","Limpeza","WhatsApp","Principal","Secretaria do Meio Ambiente"
"63926","233786","2026-05-07 14:43:32","2026-05-07 14:43:32","2026-04-22","Rnm membro superior ombro
70110239322480
entrada 11/03/26","em analise","Exames de sangue","WhatsApp","Principal","Secretaria de Saúde"
"63927","234799","2026-05-07 14:53:55","2026-05-07 14:53:55","2026-04-23","Cirurgia Geral - Coliletise
708001824934122","em analise","Outros","WhatsApp","Principal","Secretaria de Saúde"
"63928","234800","2026-05-07 14:56:24","2026-05-15 11:32:19","2026-04-23","Consulta com Oftalmologista
Marcado dia 27/04 às 12h30m Viva Vida","Concluído","Exames de sangue","WhatsApp","Principal","Secretaria de Saúde"
"63941","234806","2026-05-08 08:22:12","2026-05-08 08:22:12","2026-04-27","_Consulta co dermatologista dia 28/04/2026 as 7hs UBS Santa Terezinha 
_Dr Thais","Concluído","Atendimento médico em ubs clinico geral","WhatsApp","Principal","Secretaria de Saúde"
"63942","222627","2026-05-08 08:24:29","2026-05-08 08:24:29","2026-04-27","_Consulta com psiquiatra dia 28/04/2026 as 13hs Policlinica do CAIC","Concluído","Atendimento médico em ubs clinico geral","WhatsApp","Principal","Secretaria de Saúde"
"63943","234807","2026-05-08 08:26:53","2026-05-08 08:26:53","2026-04-29","_Consulta com dermatologista dia 05/05/2026 as 8hs no SESC ","Concluído","Atendimento médico em ubs clinico geral","WhatsApp","Principal","Secretaria de Saúde"
"63944","234811","2026-05-08 08:30:13","2026-05-08 08:30:13","2026-05-06","_Exames de sangue dia 14/05/2026 no laboratório municipal","Concluído","Exames de sangue","WhatsApp","Principal","Secretaria de Saúde"
"63945","214246","2026-05-08 08:38:40","2026-05-08 08:38:40","2026-04-30","_Indicação patronamento e manutenção das estradas Capatinga, Usina e Clube dos Bancários","aguardando execuçao","Outros","WhatsApp","Principal","Secretaria de Obras"
"63946","214246","2026-05-08 08:40:39","2026-05-08 08:40:39","2026-04-30","_PL Programa Guardiões Mirins dos Animais no âmbito do municipio de Muriaé","Concluído","Outros","Pessoal","Principal",NULL
"63950","214246","2026-05-08 09:12:28","2026-05-08 09:12:28","2026-05-03","_Requerimento para o setor de obras,solicitando informações da praça do Rosário","aguardando execuçao","Outros","Pessoal","Principal","Secretaria de Obras"
"63951","214246","2026-05-08 09:14:38","2026-05-08 09:14:38","2026-05-03","_Indicação ao Demsur e Meio Ambiente para retirada de galhos nos fundos da rua 7 de Setembro com a rua Eduardo Braga no bairro Gaspar","aguardando execuçao","Limpeza","WhatsApp","Principal","Secretaria do Meio Ambiente"
"64101","235155","2026-05-13 11:55:19","2026-05-13 11:55:19","2026-05-13","_Postes apagados na rua Prefeito Francisco Theodoro Filho em frente ao N°410 Bairro São José ","Concluído","Iluminação","WhatsApp","Principal","Secretaria de Serviços Urbanos"
"64121","214246","2026-05-13 14:44:36","2026-05-13 14:44:36","2026-04-06","Fazer denúncia mato alto em terrenos na Rua Ana Josefa Correa - Travessa Valdinei Fagundes Bairro Gaspar
Feito denúncia pelo email","aguardando execuçao","Limpeza","WhatsApp","Principal","Secretaria do Meio Ambiente"
"64130","214246","2026-05-13 14:59:48","2026-05-13 14:59:48","2026-04-06","Fazer indicação para solicionar o problema de acidentes no Cardoso de Melo
Ind. 348","aguardando execuçao","Outros","WhatsApp","Principal","Secretaria de Trânsito"
"64131","214246","2026-05-13 15:05:03","2026-05-13 15:05:03","2026-04-06","Fazer indicação possibilidade de implantação de parque inclusivo com ambiente multissensorial em praças
Ind. 339","aguardando execuçao","Outros","Pessoal","Principal","Secretaria de Obras"
"64132","210404","2026-05-13 15:07:31","2026-05-13 15:07:31","2026-04-06","Poste apagado na subida na Rua Presidente Kennedy
","Concluído","Iluminação","WhatsApp","Principal","Secretaria de Serviços Urbanos"
"64133","215549","2026-05-13 15:15:23","2026-05-13 15:15:23","2026-04-14","Fazer indicação reparos na manilhas na Estrada Sítio Fundão, divisa fazenda da onça - antigo Sítio do Zé Amador - Belisário
ind420","Concluído","Outros","WhatsApp","Principal","Secretaria de Obras"
"64134","235181","2026-05-13 15:24:06","2026-05-13 15:24:06","2026-04-17","Solicita asfalto na Rua Aguinaldo de Oliveira Bairro São Joaquim","em analise","Asfalto","WhatsApp","Principal","Secretaria de Obras"
"64135","224690","2026-05-13 15:27:52","2026-05-13 15:27:52","2026-04-17","Pedir para arrumar a calçada Praça Coronel Tiburcio na Barra em frente a pão Chik","em analise","Outros","WhatsApp","Principal","Secretaria de Serviços Urbanos"
"64139","235182","2026-05-13 15:36:04","2026-05-13 15:36:04","2026-04-22","Solicitar para arrumar postes apagados na Rua 7 de setembro bairro Gaspar em frente ao nº 194
","Concluído","Iluminação","WhatsApp","Principal","Secretaria de Serviços Urbanos"
"64142","226414","2026-05-13 16:10:15","2026-05-13 16:10:15","2026-04-22","Pedir para realizar limpeza na Rua Amilton Campos Bairro Kennedy e placa de proibido jogar lixo
Ind. 225","aguardando execuçao","Limpeza","WhatsApp","Principal","Secretaria de Serviços Urbanos"
"64143","211354","2026-05-13 16:13:28","2026-05-13 16:13:28","2026-04-23","Manutenção nos postes apagados na pracinha do Bairro São Pedro","Concluído","Iluminação","WhatsApp","Principal","Secretaria de Serviços Urbanos"
"64144","222589","2026-05-13 16:17:47","2026-05-13 16:17:47","2026-04-24","Indicação tampa buracos na Avenida nilo Pacheco de Medeiros Bairro Santana
ind.","aguardando execuçao","Asfalto","WhatsApp","Principal","Secretaria de Serviços Urbanos"
"64146","235183","2026-05-13 16:43:48","2026-05-13 16:43:48","2026-04-27","Manutenção no poste apagado na Rua José Bernardino dos Santos em frente ao nº 96 Bairro Gaspar","Concluído","Iluminação","WhatsApp","Principal","Secretaria de Serviços Urbanos"
"64161","235195","2026-05-14 09:49:31","2026-05-14 09:49:31","2026-05-06","_Paciente precisa com urgência da fazer RNM Pelve deu alterações ","aguardando execuçao","Exames de sangue","WhatsApp","Principal","Secretaria de Saúde"
"64163","235196","2026-05-14 09:52:48","2026-05-14 09:52:48","2026-05-11","_Paciente na fila pra fazer cirurgia de vesícula","aguardando execuçao","Atendimento médico em ubs clinico geral","Por telefone","Principal","Secretaria de Saúde"
"64166","235199","2026-05-14 09:58:48","2026-05-14 09:58:48","2026-05-13","_Pedidos de exames marcado no laboratório municipal 
-Dia 15/05/2026 das 6:30 as 8hs","Concluído","Exames de sangue","WhatsApp","Principal","Secretaria de Saúde"
"64170","235202","2026-05-14 10:03:36","2026-05-14 10:03:36","2026-05-13","_Paciente pediu marcação de exames no laboratório municipal
_Dia 15/05/2026 das 6:30 as 8hs","Concluído","Exames de sangue","WhatsApp","Principal","Secretaria de Saúde"
"64172","235207","2026-05-14 10:07:15","2026-05-14 10:07:15","2026-05-12","_Paciente deu entrada na denfessoria para cirurgia Faco+LIO+VVPP C/ Faixa em olho direito","Concluído","Outros","WhatsApp","Principal","Secretaria de Saúde"
"64173","235208","2026-05-14 10:10:49","2026-05-14 10:10:49","2026-05-12","_Paciente está aguardando na fila 429 Doppler membro direito e esquerdo","aguardando execuçao","Exames de sangue","WhatsApp","Principal","Secretaria de Saúde"
"64174","214246","2026-05-14 10:13:03","2026-05-14 10:13:03","2026-05-12","_Doação de 1 lata de leite Nutrem para Maria J Andrade","Concluído","Outros","WhatsApp","Principal","Secretaria de Saúde"
"64175","214246","2026-05-14 10:13:20","2026-05-14 10:13:20","2026-05-12","_Doação de 1 lata de leite Nutrem para Maria J Andrade","Concluído","Outros","WhatsApp","Principal","Secretaria de Saúde"
"64176","210588","2026-05-14 10:15:17","2026-05-14 10:15:17","2026-05-13","_Receita de remédio Carbomazepina 20mg/ml 6 vidros 20ml 1X ao dia","Concluído","Outros","Pessoal","Principal","Secretaria de Saúde"
"64177","235210","2026-05-14 10:19:44","2026-05-14 10:19:44","2026-05-13","_Paciente precisa de marcação de exames 
_Foi marcado laboratório municipal dia 09/06/26 ","Concluído","Exames de sangue","WhatsApp","Principal","Secretaria de Saúde"
"64199","214246","2026-05-14 11:56:13","2026-05-14 11:56:13","2026-04-28","_Indicação para refazer as faixas de vagas motos e carros em frente a vidraçaria São Paulo","aguardando execuçao","Outros","Pessoal","Principal","Secretaria de Trânsito"
"64200","233126","2026-05-14 11:59:14","2026-05-14 11:59:14","2026-04-29","_Solicitou que arrumasse a iluminação do poste apagado na Rua Princesa Diana N°21 Bairro São Joaquim","Concluído","Iluminação","WhatsApp","Principal","Secretaria de Serviços Urbanos"
"64202","222589","2026-05-14 12:01:16","2026-05-14 12:01:16","2026-04-29","_Indicação limpeza e capina ao redor da UBS bairro Santana","aguardando execuçao","Limpeza","WhatsApp","Principal","Secretaria do Meio Ambiente"
"64203","214246","2026-05-14 12:03:56","2026-05-14 12:03:56","2026-05-13","_Solicitou a desratização na parte alta do Bairro Gaspar
_Muitos ratos entrando nas casas","aguardando execuçao","Limpeza","WhatsApp","Principal","Secretaria do Meio Ambiente"
"64242","235355","2026-05-18 08:54:21","2026-05-18 08:54:21","2026-05-18","Solicita que adiante a Resonância que precisa fazer da pelve
Deu entrada dia 13/04
Já verificado no portal transparência","aguardando execuçao","Ressonância","Pessoal","Principal","Secretaria de Saúde"
"64528","214246","2026-05-25 08:24:13","2026-05-25 08:24:13","2026-05-18","_Consulta com Dermatologista 
_Dia 26/05 as 7hs no SESC por ordem de chegada 
_Dr Cristiane Dornelas","Concluído","atendimento medico com especialista","Pessoal","Principal","Secretaria de Saúde"
"64534","235848","2026-05-25 09:09:20","2026-05-25 09:09:20","2026-05-18","_Consulta com Dr Wilson Batista 
_Dia 25/05/26 as 8hs no Ambulatório por ordem de chegada","Concluído","atendimento medico com especialista","WhatsApp","Principal","Secretaria de Saúde"
"64535","233797","2026-05-25 09:12:01","2026-05-25 09:12:01","2026-05-18","_Consulta com Ginecologista Dr Beatriz 
_Dia 28/05/26 as 7hs na UBS Primavera por ordem de chegada","Concluído","atendimento medico com especialista","WhatsApp","Principal","Secretaria de Saúde"
"64536","235849","2026-05-25 09:25:03","2026-05-25 09:25:03","2026-05-19","_Consulta com Psicólogo dia 27/05/26 na UBS do Bairro Gaspar","Concluído","atendimento medico com especialista","Pessoal","Principal","Secretaria de Saúde"
"64651","221994","2026-05-27 11:46:20","2026-05-27 11:46:20","2026-05-19","_Paciente solicitou uma consulta com Cardiologista
_Dia 20/05 as 9hs na UBS São Francisco por ordem de chegada","Concluído","atendimento medico com especialista","Pessoal","Principal","Secretaria de Saúde"
"64708","236139","2026-05-27 16:07:14","2026-05-27 16:07:14","2026-05-19","Precisa de cosulta com Ortopedista
Marcado dia 29/05 às 8h no Caic no Drº João Paulo","Concluído","atendimento medico com especialista","WhatsApp","Principal","Secretaria de Saúde"
"64715","226309","2026-05-27 16:38:09","2026-06-02 16:26:44","2026-05-21","Consulta com Otorrino - Quadro de Otite
Já realizei a ligação para a Ubs do Porto e não consegui marcar a consulta via telefone, dizem que somente pela Sec. de saúde.","Concluído","atendimento medico com especialista","WhatsApp","Principal","Secretaria de Saúde"
"64716","236121","2026-05-27 16:41:03","2026-05-27 16:41:03","2026-05-22","Consulta com neurologista
89800290380
","aguardando execuçao","atendimento medico com especialista","WhatsApp","Principal","Secretaria de Saúde"
"64717","236153","2026-05-27 16:44:53","2026-05-27 16:44:53","2026-05-22","Precisa que adiante o pedido de Ultrassom do Braço
Foi solicitado","Concluído","exames de alta complexicidade","WhatsApp","Principal","Secretaria de Saúde"
"64718","224620","2026-05-27 16:46:55","2026-05-27 16:46:55","2026-05-22","Consulta com Drº Wilson Batista
Marcado para o dia 01/06 às 8h no ambulatório por ordem de chegada","Concluído","atendimento medico com especialista","WhatsApp","Principal","Secretaria de Saúde"
"64719","216068","2026-05-27 16:48:51","2026-05-27 16:48:51","2026-05-25","Exame de Sangue para o filho Luiz Gustavo
Marcado dia 28/05 no laboratório Municipal","Concluído","Exames de sangue","WhatsApp","Principal","Secretaria de Saúde"
"64722","224566","2026-05-27 16:57:11","2026-05-27 16:57:11","2026-05-25","Adiantar exame de Rnm coluna cervical
Solicitado","Concluído","Ressonância","WhatsApp","Principal","Secretaria de Saúde"
"64729","236191","2026-05-28 09:29:47","2026-05-28 09:29:47","2026-05-25","_Paciente precisa de tomar vacina pneumo 23, foi encaminhado para o CRE no SESC e feito","Concluído","atendimento medico com especialista","Pessoal","Principal","Secretaria de Saúde"
"64730","236192","2026-05-28 09:33:58","2026-05-28 09:33:58","2026-05-25","_Paciente precisa de consulta com ortopedista, muita dor no joelho, foi encaminhado para Policlinica do CAIC 
_Dia 29/05/26 as 8hs por ordem de chegada","Concluído","atendimento medico com especialista","WhatsApp","Principal","Secretaria de Saúde"
"64731","236195","2026-05-28 09:42:04","2026-05-28 09:42:04","2026-05-27","_Paciente precisa de bombinha trimbol para uso efizema pulmonar 
_Foi encaminhado para procurar a farmácia de auto custo para da entrada","Concluído","Auxilio Doença","WhatsApp","Principal","Secretaria de Saúde"
"64732","235849","2026-05-28 09:56:38","2026-05-28 09:56:38","2026-05-27","_Consulta com psiquiatra dia 01/06/26 as 7hs na UBS São Francisco por ordem de chegada","Concluído","atendimento medico com especialista","Pessoal","Principal","Secretaria de Saúde"
"64761","236298","2026-05-28 15:36:07","2026-05-28 15:37:43","2026-05-05","transporte para levar adolescente do conexão jovem no iracambi - ESTRADA DO IVAI","aguardando execuçao","Transportes solicitacao de viagens ","WhatsApp","Principal","Secretaria de Transporte"
"64762","236302","2026-05-28 15:51:10","2026-05-28 15:51:10","2026-04-01","PEDIR PODA DE ARVORE NA RUA JULIO CESAR PEREIRA, EM FRETE AO NÚMERO 209 B-   GASPAR","aguardando execuçao","Poda de Árvore","WhatsApp","Principal","Secretaria do Meio Ambiente"
"64763","236307","2026-05-28 16:01:19","2026-05-28 16:01:19","2026-04-01","Pedido de dedetização. Rua Dom Pedro I, Bairro Gaspar, muitos ratos","aguardando execuçao"," Vigilância Sanitária","WhatsApp","Principal","Secretaria de Saúde"
"64765","236310","2026-05-28 16:21:33","2026-05-28 16:21:33","2026-05-14","_Solicitou cadeira de banh, foi passado para os responsáveis e feito","Concluído","CADEIRA DE RODAS","WhatsApp","Principal","Secretaria de Saúde"
"64790","214246","2026-05-29 09:19:48","2026-05-29 09:19:48","2026-05-18","_Indicação para manutenção da estrada de Pirapanema sentido pousada Paraíso.
_Obs: os dois lados da via","Concluído","Limpeza","WhatsApp","Principal","Secretaria de Obras"
"64794","214246","2026-05-29 09:23:35","2026-05-29 09:23:35","2026-05-18","_Indicação manutenção da estrada do Capetinga, muitos buracos dificil acesso","Concluído","Limpeza","WhatsApp","Principal","Secretaria Agricultura"
"64798","217296","2026-05-29 09:25:48","2026-05-29 09:25:48","2026-05-18","_Capina na estrada da estrada Ivai","Concluído","Limpeza","WhatsApp","Principal","Secretaria Agricultura"
"64804","215033","2026-05-29 09:32:29","2026-05-29 09:32:29","2026-05-19","_Postes apagados na rua Alvorada bairro Gaspar 
_Resolvido","Concluído","Iluminação","WhatsApp","Principal","Secretaria de Serviços Urbanos"
"64806","224933","2026-05-29 09:35:28","2026-05-29 09:35:28","2026-05-19","_Postes apagados na rua 1°de Maio bairro Gaspar 
_Devido as chuvas","Concluído","Iluminação","WhatsApp","Principal","Secretaria de Serviços Urbanos"
"64810","236317","2026-05-29 09:39:27","2026-05-29 09:39:27","2026-05-19","_Tampa buracos com massa asfáltica na entrada do bairro Gaspar,perto das oficinas","Concluído","Asfalto","WhatsApp","Principal","Secretaria de Serviços Urbanos"
"64829","236318","2026-05-29 10:05:29","2026-05-29 10:05:29","2026-05-19","_Fazer a retirada das árvores que estão caindo 
_Corte das árvores 
_Foi passado para os responsáveis","aguardando execuçao","Poda de Árvore","WhatsApp","Principal","Secretaria de Serviços Urbanos"
"64831","214246","2026-05-29 10:08:20","2026-05-29 10:08:20","2026-05-19","_Limpeza das ruas Bairro Santana 3, muito barro devido as chuvas
_Foi passado para o Demsur","aguardando execuçao","Limpeza","WhatsApp","Principal","Secretaria de Serviços Urbanos"
"64832","236319","2026-05-29 10:13:10","2026-05-29 10:13:10","2026-05-27","_Tampa buracos na manutenção que o Demsur fez
-Foi passado para os responsáveis","aguardando execuçao","Asfalto","WhatsApp","Principal","Secretaria de Obras"
"64833","214246","2026-05-29 10:15:43","2026-05-29 10:15:43","2026-05-19","_Doação de 30,00 para Thais Rocha
_Festa igreja","Concluído","Outros","WhatsApp","Principal","Ação Social"
"64834","214246","2026-05-29 10:32:28","2026-05-29 10:32:28","2026-05-19","_Manutenção dos refletores do campo 
_Bairro Patrimõnio São José
_Foi passado para os responsáveis","aguardando execuçao","Iluminação","WhatsApp","Principal","Secretaria de Serviços Urbanos"
"64897","235291","2026-05-29 15:23:38","2026-05-29 15:23:38","2026-02-10","Solicitou que verificasse o muro que caiu do lado da casa dela","Concluído","Outros","WhatsApp","Principal","Secretaria de Serviços Urbanos"
"64898","225014","2026-05-29 15:29:39","2026-05-29 15:29:39","2026-02-10","Enviou fotos da água dentro de casa","Concluído","Outros","WhatsApp","Principal","Ação Social"
"64945","235295","2026-06-01 09:28:49","2026-06-01 09:28:49","2026-02-11","_Moradora solicitou que fizesse a limpeza da rua e recolhida dos máveis que foram perdidos devido a enchente","Concluído","Limpeza","WhatsApp","Principal","Secretaria de Serviços Urbanos"
"64946","225033","2026-06-01 09:30:58","2026-06-01 09:30:58","2026-02-11","_Moradora pediu para recolherem os móveis que perdeu devido a enchente","Concluído","Limpeza","WhatsApp","Principal","Secretaria de Serviços Urbanos"
"64948","209394","2026-06-01 09:36:51","2026-06-01 09:36:51","2026-02-12","_Moradora pediu que fizesse dedetização na rua São João Batista devido a enchente que teve no local, muitos bichos apareceram","Concluído"," Vigilância Sanitária","WhatsApp","Principal","Secretaria de Serviços Urbanos"
"64949","214246","2026-06-01 09:39:47","2026-06-01 09:39:47","2026-02-25","_Solicitou ao responsável do Demsur a possibilidade de descontos na conta de água dos moradores das Rua São João Batista bairro Gaspar e Francisco Elias bairro Santa Luzia","Concluído","Outros","WhatsApp","Principal","Secretaria de Serviços Urbanos"
"64950","235295","2026-06-01 09:41:50","2026-06-01 09:41:50","2026-02-20","_Moradora solicitou que lavasse a rua São João Batista muita pueira devido a enchente","Concluído","Limpeza","WhatsApp","Principal","Secretaria de Serviços Urbanos"
"64952","225412","2026-06-01 09:53:05","2026-06-01 09:53:05","2026-02-26","_Moradora solicitou que fizesse manutenção nas manilhas que passa nos fundos da sua residência, foi passado para o Demsur e feito","Concluído","Saneamento, Água e Esgoto","WhatsApp","Principal","Secretaria de Obras"
"64974","236139","2026-06-01 16:13:39","2026-06-02 16:38:15","2026-05-29","Precisa de uma consulta com Ginecologista para Michele Nunes Duraes
","Concluído","atendimento medico com especialista","WhatsApp","Principal","Secretaria de Saúde"
"64975","214246","2026-06-01 16:24:27","2026-06-01 16:24:27","2026-06-01","Fazer indicação da Rua Projeta H
Bairro Gaspar - Asfaltamento e concretagem rede pluvial ","encaminhado p/indicaçao","Asfalto","Pessoal","Principal","Secretaria de Serviços Urbanos"
"64978","221946","2026-06-01 16:37:33","2026-06-01 16:37:33","2026-06-01","Consulta com ortopedista 03/06 às 7h com Drº Davi no ambulatório","Concluído","atendimento medico com especialista","WhatsApp","Principal","Secretaria de Saúde"
"65032","236434","2026-06-02 16:34:06","2026-06-02 16:34:06","2026-06-02","Solicita a retirada do entulho em frente a residência Nova Muriaé - Vermelho Bloco 60 
Passado para Eder e Patrici","aguardando execuçao","Limpeza","WhatsApp","Principal","Secretaria de Serviços Urbanos"
"65057","236475","2026-06-03 10:58:03","2026-06-03 10:58:03","2026-05-20","_Moradora solicitou que fizesse uma denúncia de mato alto, com vários bichos peçonhentos
_Rua Aldina Marquez Zém ao lado do N°31 Bairro Gaspar
_Foi passado ","aguardando execuçao","Limpeza","WhatsApp","Principal","Secretaria do Meio Ambiente"
"65058","236476","2026-06-03 11:04:33","2026-06-03 11:04:33","2026-05-20","_Solicitar ao Demuttran que tenha estacionamentos somente de um lado da rua José Dos Santos em frente a Sancar 
_Muitos carros parados dos dois lados da via atrapalhando o trânsito naquele local
_Foi feita indicação","aguardando execuçao","mobilidade urbana reclamacao","WhatsApp","Principal","Secretaria de Trânsito"
"65063","221621","2026-06-03 11:17:01","2026-06-03 11:17:01","2026-05-20","_Moradora solicitou limpeza da rua e bueiros 
_Rua Eugenópolis em frente ao N°42 Bairro São Cristovão","aguardando execuçao","Limpeza","WhatsApp","Principal","Secretaria de Serviços Urbanos"
"65064","222480","2026-06-03 11:21:30","2026-06-03 11:21:30","2026-05-20","_Moradora solicitou limpeza na rua Júlio César Pereira Bairro Gaspar 
_Muito barro na rua devido as chuvas","Concluído","Limpeza","WhatsApp","Principal","Secretaria de Serviços Urbanos"
"65066","233135","2026-06-03 11:29:49","2026-06-03 11:29:49","2026-05-20","_Moradora solicitou que saibro na estrada do Rodolfo difícil acesso","aguardando execuçao","Outros","WhatsApp","Principal","Secretaria Agricultura"
"65071","222009","2026-06-03 11:55:17","2026-06-03 11:55:17","2026-05-20","_Manutenção nos refletores do campo do Patrimônio.
_Foi passado para os responsáveis ","aguardando execuçao","Iluminação","WhatsApp","Principal","Secretaria de Serviços Urbanos"
"65074","214246","2026-06-03 11:59:43","2026-06-03 11:59:43","2026-05-20","_Solicitou instalação de mini postes na lagoa da Gávea 
_Calçada e iluminação por cima da lágoa em direção ao Horto
_Foi feita indicação","aguardando execuçao","Iluminação","WhatsApp","Principal","Secretaria de Serviços Urbanos"
"65075","206436","2026-06-03 12:04:50","2026-06-03 12:04:50","2026-05-21","_Recomposição massa asfáltica 
_Rua Manoel Bandeira em frente ao N°50 ","aguardando execuçao","Asfalto","WhatsApp","Principal","Secretaria de Serviços Urbanos"
"65130","213005","2026-06-08 10:37:45","2026-06-08 10:37:45","2026-05-27","_Moradora pediu para fazer a retirada de 1 carro parado no início da rua Antônio Carlos de Souza Bairro Sofocó
_Foi passado para os responsáveis","Concluído","Outros","WhatsApp","Principal","Secretaria de Trânsito"
"65131","214246","2026-06-08 10:39:33","2026-06-08 10:39:33","2026-06-03","_Doação de 1 lata de tinta para pintar a rua ","Concluído","Outros","WhatsApp","Principal","Secretaria de Cultura"
"65132","224465","2026-06-08 10:44:27","2026-06-08 10:44:27","2026-05-27","_Moradora solicitou instalação de sonorizadores 
-Rua Niveríssimo Ferreira de Souza Bairro Safira 
_Foi feita indicação 
","aguardando execuçao","Placas, Lombadas e Sinais","WhatsApp","Principal","Secretaria de Trânsito"
"65134","214246","2026-06-08 11:01:18","2026-06-08 11:01:18","2026-05-27","_Limpeza da Av Antônio Carlos de Souza muito lixo espalhados na rua e descendo para o córrego 
_Foi feita indicação","aguardando execuçao","Limpeza","WhatsApp","Principal","Secretaria de Serviços Urbanos"
"65137","236565","2026-06-08 11:30:10","2026-06-08 11:30:10","2026-05-27","_Moradora solicitou que arrumasse uma parte da rua Av Rita Maria de Freitas bairro Dornelas 2 parte baixa
-Foi feita indicação e passado para os responsáveis","aguardando execuçao","Outros","WhatsApp","Principal","Secretaria de Obras"
"65138","222480","2026-06-08 11:32:33","2026-06-08 11:32:33","2026-05-28","_Solicitou limpeza na rua devido as chuvas muito barro 
_Rua Júlio César Pereira  Bairro Gaspar ","aguardando execuçao","Limpeza","WhatsApp","Principal","Secretaria de Serviços Urbanos"
"65139","236572","2026-06-08 11:38:29","2026-06-08 11:38:29","2026-05-28","_Solicitou que passasse máquina na estrada Batata sentido a Godam que dá acesso ao Capetinga 
_Foi feita indicação","aguardando execuçao","Outros","WhatsApp","Principal","Secretaria Agricultura"
"65141","236582","2026-06-08 11:49:41","2026-06-08 11:49:41","2026-05-29","_Pedir para passar máquina na estrada do Capetinga qua dá acesso a Pedra Negra 
_Foi passado para os responsáveis e feito","Concluído","Limpeza","WhatsApp","Principal","Secretaria Agricultura"
"65142","214246","2026-06-08 11:51:56","2026-06-08 11:51:56","2026-05-29","_Indicação de pintura na via escrito Devagar 30KM na Rua São João Batista Bairro Gaspar 
_Foi feita ","aguardando execuçao","Placas, Lombadas e Sinais","WhatsApp","Principal","Secretaria de Serviços Urbanos"
"65143","214246","2026-06-08 11:54:01","2026-06-08 11:54:01","2026-05-29","_Indicação para colocar lixeiras na pracinha do bairro São Francisco","Concluído","Outros","Pessoal","Principal","Secretaria de Serviços Urbanos"
"65144","214246","2026-06-08 12:00:28","2026-06-08 12:00:28","2026-05-21","_Indicação para passar máquina em frente a Roda Tec para diminuir o fluxo da água da chuva que desce para o córrego","aguardando execuçao","mobilidade urbana reclamacao","Pessoal","Principal","Secretaria de Serviços Urbanos"
"65145","214246","2026-06-08 12:03:01","2026-06-08 12:03:01","2026-05-22","_Moradores solicitou limpeza na rua Santa Rita em frente ao N°193
_Foi feita ","Concluído","Limpeza","WhatsApp","Principal","Secretaria de Serviços Urbanos"
"65146","215914","2026-06-08 12:06:23","2026-06-08 12:06:23","2026-05-25","_Moradora pediu para verificar a rede esgoto descendo na canalheta do escadão da Rua 7 de Setembro","Concluído","Saneamento, Água e Esgoto","WhatsApp","Principal","Secretaria de Obras"
"65161","236619","2026-06-08 16:46:39","2026-06-08 16:46:39","2026-05-25","Solicitar cata treco no Bairro Recanto Verde","encaminhado p/indicaçao","Cata Treco","WhatsApp","Principal","Secretaria de Serviços Urbanos"
"65162","214246","2026-06-08 16:56:14","2026-06-08 16:56:14","2026-05-25","Fazer indicação recomposição asfaltica em torno do HSP
Ind. 566","aguardando execuçao","Asfalto","WhatsApp","Principal","Secretaria de Serviços Urbanos"
"65163","236620","2026-06-08 17:15:22","2026-06-08 17:15:22","2026-05-25","Atendimento Veterinário 
Foi encaminhado e passado o contato 2020-8055","Concluído","Outros","WhatsApp","Principal","Secretaria do Meio Ambiente"
"65164","236621","2026-06-08 17:22:35","2026-06-08 17:22:35","2026-05-26","Solicitar a retirada de 2 fuscas parados a 5 anos na Rua Afonsina Vitoriana Martins no Bairro Planalto","aguardando execuçao","Outros","WhatsApp","Principal","Secretaria de Trânsito"
"65165","236622","2026-06-08 17:28:15","2026-06-09 10:38:30","2026-05-26","Solicitar a retirada de 1 carro abandonado na Rua Teofilo Tostes Bairro União em frente ao escadão","aguardando execuçao","Outros","WhatsApp","Principal","Secretaria de Trânsito"
"65166","214246","2026-06-08 17:30:28","2026-06-08 17:30:28","2026-06-03","Fazer indicação reparo no meio fio devido as chuvas foram quebrados na Rua Paulo de Oliveira Goes no Gaspar","encaminhado p/indicaçao","Outros","WhatsApp","Principal","Secretaria de Obras"
"65167","214246","2026-06-08 17:34:24","2026-06-08 17:34:24","2026-06-03","Solicitar para arrumar os refletores da Pracinha do Bairro Cardoso de Melo","aguardando execuçao","Iluminação","WhatsApp","Principal","Secretaria de Administração"
"65185","236642","2026-06-09 10:23:19","2026-06-09 10:23:19","2026-06-08","_Solivitou que emprestasse uma cadeira de rodas 
_Foi passado para os responsáveis e emprestado","Concluído","CADEIRA DE RODAS","WhatsApp","Principal","Ação Social"
"65186","213905","2026-06-09 10:27:06","2026-06-09 10:27:06","2026-06-08","_Precisa de uma em clínica de reabilitação para cunhada
_Foi passado as informações para procurar o CAPS","Concluído","atendimento medico com especialista","WhatsApp","Principal","Secretaria de Saúde"
"65189","214246","2026-06-09 10:31:01","2026-06-09 10:31:01","2026-06-08","_Fazer indicação rotaivo do mercado municipal para ter um tempo minimo para as pessoas pegarem os remédios e fazer atendimento no Demsur","aguardando execuçao","mobilidade urbana reclamacao","Pessoal","Principal","Secretaria de Obras"
"65192","211124","2026-06-09 11:35:08","2026-06-09 11:35:08","2026-06-03","_Solicitou uma consulta com ginecologista foi marcado 
_Dia 17/06/26 as 7hs Policlinica Clóvis de Aquino por ordem de chegada","Concluído","atendimento medico com especialista","Pessoal","gabinete em açao/externamente","Secretaria de Saúde"
"65194","236665","2026-06-09 11:41:28","2026-06-09 11:41:28","2026-06-03","_Consulta com psicóloga 
_Dia 10/06/26 as 10:30hs na UBS Gaspar","Concluído","atendimento medico com especialista","Pessoal","Principal","Secretaria de Saúde"
"65196","236665","2026-06-09 11:43:24","2026-06-09 11:43:24","2026-06-08","_Solicitou uma consulta com psiquiatra 
_Dia 08/06 as 12hs UBS São Francisco por ordem de chegada","Concluído","atendimento medico com especialista","Pessoal","Principal","Secretaria de Saúde"
"65197","236675","2026-06-09 11:46:59","2026-06-09 11:46:59","2026-06-09","_Paciente precisa de uma vaga na Fundação Cristiano Varela 
_Mora na cidade do Rio de Janeiro","em analise","atendimento medico com especialista","WhatsApp","Principal","Secretaria de Saúde"
"65201","236690","2026-06-09 11:58:52","2026-06-09 11:58:52","2026-05-27","_Solicitou que retirasse a taxa de habite-se 
_Foi passado todas as informações e onde procurar para ser feito
_Foi passado para o morador","Concluído","Outros","WhatsApp","Principal","Secretaria de Administração"
"65203","214246","2026-06-09 12:04:54","2026-06-09 12:04:54","2026-06-09","_Moradora solicitou cata treco na Rua Maria da Glória Costa N°370 Bairro Cardoso de Mello","aguardando execuçao","Cata Treco","WhatsApp","Principal","Secretaria de Serviços Urbanos"
"65211","236698","2026-06-09 12:53:23","2026-06-09 12:53:23","2026-06-09","Realizar exame de sangue 
Marcado dia 11/06/26","Concluído","Exames de sangue","WhatsApp","Principal","Secretaria de Saúde"
"65222","236701","2026-06-09 13:34:43","2026-06-09 13:34:43","2026-06-01","Ajuda para adiantar a Avaliação Multidisciplinar na Junta reguladora
Foi verificado e a Junta Reguladora entrou em contato para realizar a Avaliação","Concluído","autismo","WhatsApp","Principal","Secretaria de Saúde"
"65313","237033","2026-06-12 08:28:51","2026-06-12 08:28:51","2026-06-09","_Paciente precisa de alguns exames
_Ecocardiograma
_Teste Ergométrico
_Exames de sangue","urgencia","exames de alta complexicidade","Pessoal","Principal","Secretaria de Saúde"
"65315","237035","2026-06-12 08:34:50","2026-06-12 08:34:50","2026-06-10","_Consulta com neuro pediatra dia 16/06 as 7hs na policlinica do Santa Terezinha
_Dr Thais","Concluído","atendimento medico com especialista","WhatsApp","Principal","Secretaria de Saúde"
"65317","237036","2026-06-12 08:39:12","2026-06-12 08:39:12","2026-06-11","-Paciente estava na sala vermelha devido o AVC, precisa de uma vaga na UTI, foi passado para os responsáveis e transferido","Concluído","atendimento medico com especialista","WhatsApp","Principal","Secretaria de Saúde"
"65319","213307","2026-06-12 08:45:40","2026-06-12 08:45:40","2026-06-09","_Moradora solicitou 
_Aparelho de academia ao ar livre pracinha Macuco
_Manutenção nos brinquedos da pracinha Macuco
","aguardando execuçao","manutencao de pracinha e brinquedos","WhatsApp","Principal","Secretaria de Esporte"
"65321","221074","2026-06-12 08:47:45","2026-06-12 08:47:45","2026-06-09","_Moradores solicitaram capina no Bairro Santa Laura","aguardando execuçao","Limpeza","WhatsApp","Principal","Secretaria de Serviços Urbanos"
"65323","224945","2026-06-12 09:10:20","2026-06-12 09:10:20","2026-06-10","_Pedir para arrumar poste apagado na Rua 1°de Maio em frente ao N°45 bairro Gaspar","Concluído","Iluminação","WhatsApp","Principal","Secretaria de Serviços Urbanos"
"65324","237061","2026-06-12 09:20:52","2026-06-12 09:20:52","2026-06-10","_Solicitou transporte para buscar os jogadores em São João Del Rei no Campeonato dia 26/06","recebido","Transportes solicitacao de viagens ","Pessoal","Principal","Secretaria de Transporte"
"65325","211547","2026-06-12 09:34:00","2026-06-12 09:34:00","2026-06-01","Consulta Ginecologista com a Drª Beatriz","aguardando execuçao","atendimento medico com especialista","WhatsApp","Principal","Secretaria de Saúde"
"65330","221826","2026-06-12 09:44:39","2026-06-12 09:44:39","2026-05-28","Exames de sangue 
Marcado dia 04/06 no Laboratório Municipal","Concluído","Exames de sangue","WhatsApp","Principal","Secretaria de Saúde"
"65336","237090","2026-06-12 10:18:21","2026-06-12 10:18:21","2026-05-28","Solicitou uma consulta de avaliação pra o filho Yuri Monteiro da Cruz em Juiz de Fora 
Foi informado para levar na Secretaria de Saúde","Concluído","atendimento medico com especialista","WhatsApp","Principal","Secretaria de Saúde"
"65337","222627","2026-06-12 10:22:06","2026-06-12 10:22:06","2026-04-24","Consulta com o Psiquiatra
Marcado consulta e acompanhamento","Concluído","atendimento medico com especialista","WhatsApp","Principal","Secretaria de Saúde"
"65340","225416","2026-06-12 10:41:04","2026-06-12 10:41:04","2026-04-24","Adiantar exame de Ressonância do ombro direito","aguardando execuçao","Ressonância","WhatsApp","Principal","Secretaria de Saúde"
"65345","224982","2026-06-12 11:11:51","2026-06-12 11:11:51","2026-04-10","Solicitando a troca do pedido do exame para poder fazer pelo Sus
Exame trocado e entregue","Concluído","Exames de sangue","WhatsApp","Principal","Secretaria de Saúde"
"65462","237221","2026-06-16 15:23:33","2026-06-16 15:23:33","2026-06-14","Ajuda para consultar o Pai André Luiz da Silva
Consulta realizada","Concluído","atendimento medico com especialista","WhatsApp","Principal","Secretaria de Saúde"
"65464","237221","2026-06-16 15:24:53","2026-06-16 15:24:53","2026-06-15","Ajuda para marcar uma consulta com o Pediatra para o sobrinho
Consulta realizada","Concluído","atendimento medico com especialista","WhatsApp","Principal","Secretaria de Saúde"
"65469","237222","2026-06-16 16:40:12","2026-06-16 16:40:12","2026-06-16","Solicita dedetização na Rua Arthur Duarte nº56 fundos Bairro Safira","em analise","Outros","Instagram","Principal","Secretaria de Saúde"
"65566","224465","2026-06-20 15:31:22","2026-06-20 15:31:22","2026-06-16","Solicita que coloque tampão para fechar o buraco na rede pluvial.
Verificado com o Ronaldo do Demsur, não tem tampão no momento mas, irá solicitar que isole o local.","aguardando execuçao","Outros","WhatsApp","Principal","Secretaria de Serviços Urbanos"
"65567","214246","2026-06-20 15:50:01","2026-06-20 15:50:01","2026-06-18","Cata treco na Rua Enezio Machado de Oliveira, Bairro São Pedro, rua da Igreja Católica 
Realizado indicação ","aguardando execuçao","Cata Treco","WhatsApp","Principal","Secretaria de Serviços Urbanos"
"65568","237273","2026-06-20 16:01:27","2026-06-20 16:01:27","2026-06-18","Solicita limpeza no bueiro, retirada do barro e calçamento e uma possível massa asfaltica na Alameda dos Lírios, 480, Quinta das Flores, final da rua.
Realizado indicação ","aguardando execuçao","Limpeza","WhatsApp","Principal","Secretaria de Serviços Urbanos"
"65569","222065","2026-06-20 16:04:55","2026-06-20 16:04:55","2026-06-18","Marcar consulta de retorno para Dr° José Maria Psiquiatra ","aguardando execuçao","atendimento medico com especialista","WhatsApp","Principal","Secretaria de Saúde"
"65570","237274","2026-06-20 16:11:39","2026-06-20 16:11:39","2026-06-19","Solicita saibro para estrada, postes para passar Internet, cortar árvores, capina no local, puder fazer algo para melhoria no local. 
Realizado indicação ","aguardando execuçao","Outros","WhatsApp","Principal","Secretaria Agricultura"
"65571","226418","2026-06-20 16:15:04","2026-06-20 16:15:04","2026-06-16","Solicita ajuda para adiantar a cirurgia do testículo direito do Tio Givanildo Vital da Silva ","em analise","Cirurgias alta complexicidade","WhatsApp","Principal","Secretaria de Saúde"
"65617","214246","2026-06-22 15:28:19","2026-06-22 15:28:19","2026-06-17","Limpeza dos bueiros na Rua Valdomiro Inácio Rodrigues no Aeroporto","encaminhado p requerimento","Limpeza","WhatsApp","Principal","Secretaria de Serviços Urbanos"
"65618","214246","2026-06-22 15:34:39","2026-06-22 15:34:39","2026-06-15","Pedir para fazer limpeza e capina no escadão da Rua 7 de Setembro ","aguardando execuçao","Limpeza","WhatsApp","Principal","Secretaria de Serviços Urbanos"
"65619","224566","2026-06-22 15:39:46","2026-06-22 15:39:46","2026-06-17","Solicita ajuda para adiantar o exame de Rnm Joelho Direito e Consulta Ortopedista para Juliana Rodrigues Sabino ","em analise","Ressonância","WhatsApp","Principal","Secretaria de Saúde"
"65621","214719","2026-06-22 18:15:16","2026-06-22 18:15:16","2026-06-22","Solicita ajuda para adiantar a cirurgia de catarata 706003378802247","aguardando execuçao","Cirurgias alta complexicidade","WhatsApp","Principal","Secretaria de Saúde"
